num_traces,guessing_entropy,success_rate
1,128.52,0.01
2,134.67,0.0
3,140.89,0.0
4,141.79,0.0
5,143.63,0.0
6,142.0,0.01
7,149.16,0.01
8,148.51,0.01
9,149.25,0.0
10,146.67,0.0
11,149.49,0.0
12,145.58,0.0
13,145.15,0.0
14,143.61,0.0
15,138.88,0.0
16,138.37,0.0
17,136.15,0.0
18,136.12,0.0
19,136.7,0.01
20,137.42,0.01
21,138.25,0.01
22,139.18,0.0
23,138.97,0.0
24,139.61,0.0
25,137.52,0.0
26,138.54,0.0
27,142.03,0.0
28,140.38,0.0
29,141.04,0.0
30,141.55,0.0
31,143.58,0.0
32,142.19,0.0
33,140.23,0.0
34,141.88,0.0
35,140.76,0.0
36,141.13,0.0
37,142.38,0.0
38,140.71,0.0
39,137.34,0.0
40,137.7,0.0
41,138.11,0.0
42,138.61,0.0
43,138.92,0.0
44,137.3,0.0
45,136.89,0.01
46,136.66,0.01
47,137.55,0.01
48,139.52,0.0
49,140.83,0.0
50,139.99,0.0
51,139.87,0.0
52,137.77,0.0
53,137.23,0.0
54,136.56,0.0
55,136.94,0.01
56,137.18,0.01
57,138.73,0.01
58,137.57,0.01
59,136.93,0.01
60,135.94,0.01
61,136.77,0.01
62,135.74,0.01
63,135.48,0.01
64,136.1,0.01
65,135.32,0.01
66,136.34,0.01
67,135.51,0.01
68,134.07,0.01
69,133.97,0.01
70,133.45,0.01
71,133.42,0.01
72,132.36,0.01
73,132.98,0.01
74,134.69,0.01
75,134.88,0.01
76,133.83,0.0
77,133.47,0.01
78,133.81,0.01
79,134.16,0.01
80,134.85,0.0
81,134.98,0.01
82,134.44,0.01
83,134.44,0.01
84,135.25,0.01
85,135.21,0.01
86,135.66,0.01
87,135.29,0.01
88,136.28,0.01
89,134.59,0.01
90,134.63,0.01
91,136.69,0.01
92,137.32,0.01
93,135.95,0.01
94,135.77,0.01
95,135.59,0.01
96,137.34,0.01
97,136.36,0.01
98,136.51,0.01
99,136.41,0.01
100,136.19,0.01
101,135.64,0.01
102,135.13,0.01
103,135.66,0.01
104,135.54,0.01
105,135.57,0.01
106,137.04,0.01
107,136.45,0.01
108,135.85,0.0
109,136.1,0.01
110,135.28,0.01
111,135.87,0.01
112,135.62,0.0
113,134.65,0.0
114,134.38,0.01
115,134.12,0.01
116,134.02,0.01
117,135.15,0.01
118,136.52,0.01
119,136.47,0.01
120,135.3,0.01
121,134.89,0.0
122,134.61,0.01
123,133.63,0.0
124,134.42,0.0
125,133.36,0.0
126,132.4,0.0
127,130.9,0.0
128,132.29,0.0
129,131.12,0.0
130,131.82,0.0
131,131.79,0.0
132,132.19,0.0
133,132.17,0.0
134,132.17,0.0
135,132.2,0.0
136,133.28,0.0
137,133.46,0.0
138,132.58,0.0
139,131.91,0.0
140,131.68,0.0
141,132.14,0.0
142,132.85,0.0
143,132.56,0.0
144,132.23,0.0
145,133.2,0.0
146,133.75,0.0
147,134.22,0.0
148,133.84,0.0
149,133.62,0.0
150,134.04,0.0
151,134.17,0.0
152,133.44,0.0
153,132.52,0.0
154,133.41,0.0
155,133.6,0.0
156,133.95,0.0
157,133.9,0.0
158,132.37,0.0
159,132.32,0.0
160,132.35,0.0
161,132.04,0.0
162,133.14,0.0
163,132.97,0.0
164,133.36,0.0
165,134.39,0.0
166,134.35,0.0
167,134.61,0.0
168,134.78,0.0
169,134.17,0.0
170,133.93,0.0
171,133.99,0.0
172,133.33,0.0
173,133.52,0.0
174,133.94,0.0
175,133.28,0.0
176,132.95,0.0
177,132.92,0.0
178,133.59,0.0
179,134.27,0.0
180,134.34,0.0
181,134.95,0.0
182,134.33,0.0
183,133.97,0.0
184,133.0,0.0
185,133.44,0.0
186,134.04,0.0
187,133.9,0.0
188,134.18,0.0
189,134.29,0.0
190,134.63,0.0
191,134.52,0.0
192,135.68,0.0
193,136.11,0.0
194,136.16,0.0
195,137.7,0.0
196,137.0,0.0
197,137.45,0.0
198,138.14,0.0
199,138.36,0.0
200,138.38,0.0
201,138.91,0.0
202,138.89,0.0
203,138.9,0.0
204,139.16,0.0
205,140.34,0.0
206,140.04,0.0
207,139.24,0.0
208,140.09,0.0
209,139.58,0.0
210,138.81,0.0
211,139.55,0.0
212,139.51,0.0
213,139.19,0.0
214,138.58,0.0
215,138.25,0.0
216,139.19,0.0
217,139.37,0.0
218,139.33,0.0
219,138.3,0.0
220,138.38,0.0
221,138.82,0.0
222,138.88,0.0
223,139.46,0.0
224,138.59,0.0
225,138.11,0.0
226,138.92,0.0
227,138.86,0.0
228,138.92,0.0
229,138.36,0.0
230,138.1,0.0
231,139.4,0.0
232,139.54,0.0
233,140.7,0.0
234,140.32,0.0
235,140.63,0.0
236,139.91,0.0
237,140.15,0.0
238,139.54,0.0
239,139.74,0.0
240,139.92,0.0
241,138.73,0.0
242,139.54,0.0
243,139.26,0.0
244,138.63,0.0
245,137.44,0.0
246,138.84,0.0
247,138.96,0.0
248,139.48,0.0
249,138.53,0.0
250,139.66,0.0
251,139.88,0.0
252,141.16,0.0
253,140.3,0.0
254,140.79,0.0
255,141.16,0.0
256,140.82,0.0
257,140.23,0.0
258,141.2,0.0
259,140.47,0.0
260,140.13,0.0
261,140.18,0.0
262,139.97,0.0
263,139.63,0.0
264,139.5,0.0
265,139.14,0.0
266,138.62,0.0
267,138.59,0.0
268,138.5,0.0
269,137.95,0.0
270,137.78,0.0
271,137.62,0.0
272,137.96,0.0
273,137.35,0.0
274,137.15,0.0
275,137.33,0.0
276,137.41,0.0
277,137.8,0.0
278,138.18,0.0
279,138.76,0.0
280,138.85,0.0
281,138.66,0.0
282,138.92,0.0
283,139.43,0.0
284,138.97,0.0
285,138.97,0.0
286,139.49,0.0
287,139.74,0.0
288,140.23,0.0
289,140.52,0.0
290,140.28,0.0
291,140.2,0.0
292,140.47,0.0
293,140.9,0.0
294,141.52,0.0
295,140.88,0.0
296,141.19,0.0
297,141.05,0.0
298,141.56,0.0
299,140.72,0.0
300,141.15,0.0
301,141.87,0.0
302,141.99,0.0
303,141.78,0.0
304,141.96,0.0
305,142.15,0.0
306,142.75,0.0
307,141.92,0.0
308,141.63,0.0
309,142.15,0.0
310,141.59,0.0
311,141.0,0.0
312,141.55,0.0
313,141.73,0.0
314,141.97,0.0
315,142.3,0.0
316,141.94,0.0
317,141.72,0.0
318,141.17,0.0
319,141.0,0.0
320,140.47,0.0
321,140.82,0.0
322,141.33,0.0
323,141.26,0.0
324,141.09,0.0
325,141.3,0.0
326,141.92,0.0
327,142.16,0.0
328,142.57,0.0
329,142.76,0.0
330,141.86,0.0
331,141.36,0.0
332,141.08,0.0
333,141.59,0.0
334,141.89,0.0
335,142.77,0.0
336,141.81,0.0
337,141.87,0.0
338,141.91,0.0
339,142.28,0.0
340,141.69,0.0
341,142.0,0.0
342,142.47,0.0
343,141.94,0.0
344,142.35,0.0
345,142.27,0.0
346,142.17,0.0
347,142.46,0.0
348,142.78,0.0
349,143.68,0.0
350,143.16,0.0
351,144.15,0.0
352,144.1,0.0
353,143.76,0.0
354,144.45,0.0
355,143.81,0.0
356,143.94,0.0
357,143.65,0.0
358,143.79,0.0
359,144.14,0.0
360,144.48,0.0
361,144.15,0.0
362,143.96,0.0
363,144.67,0.0
364,144.37,0.0
365,144.25,0.0
366,144.22,0.0
367,144.31,0.0
368,144.45,0.0
369,144.21,0.0
370,143.93,0.0
371,144.55,0.0
372,144.53,0.0
373,145.21,0.0
374,145.46,0.0
375,145.01,0.0
376,144.95,0.0
377,145.88,0.0
378,144.94,0.0
379,144.82,0.0
380,145.37,0.0
381,145.43,0.0
382,145.62,0.0
383,146.08,0.0
384,145.97,0.0
385,145.48,0.0
386,145.93,0.0
387,145.65,0.0
388,145.36,0.0
389,145.7,0.0
390,146.02,0.0
391,146.53,0.0
392,145.68,0.0
393,145.96,0.0
394,146.54,0.0
395,147.38,0.0
396,147.02,0.0
397,147.81,0.0
398,147.39,0.0
399,147.17,0.0
400,147.95,0.0
401,147.35,0.0
402,147.71,0.0
403,147.39,0.0
404,147.76,0.0
405,147.27,0.0
406,146.81,0.0
407,146.45,0.0
408,146.11,0.0
409,146.27,0.0
410,146.66,0.0
411,146.74,0.0
412,147.33,0.0
413,147.58,0.0
414,147.08,0.0
415,146.5,0.0
416,146.23,0.0
417,146.33,0.0
418,146.88,0.0
419,146.41,0.0
420,146.16,0.0
421,145.68,0.0
422,146.54,0.0
423,145.77,0.0
424,145.62,0.0
425,145.47,0.0
426,146.03,0.0
427,145.72,0.0
428,146.04,0.0
429,146.5,0.0
430,146.62,0.0
431,145.88,0.0
432,145.03,0.0
433,144.56,0.0
434,144.77,0.0
435,144.61,0.0
436,144.61,0.0
437,144.97,0.0
438,144.82,0.0
439,145.18,0.0
440,145.22,0.0
441,146.21,0.0
442,146.29,0.0
443,145.91,0.0
444,146.13,0.0
445,145.49,0.0
446,145.81,0.0
447,146.04,0.0
448,146.05,0.0
449,146.16,0.0
450,145.41,0.0
451,145.07,0.0
452,145.25,0.0
453,145.42,0.0
454,145.77,0.0
455,145.5,0.0
456,144.96,0.0
457,145.35,0.0
458,145.53,0.0
459,145.92,0.0
460,145.41,0.0
461,145.14,0.0
462,145.64,0.0
463,144.59,0.0
464,144.9,0.0
465,144.72,0.0
466,145.05,0.0
467,144.5,0.0
468,144.43,0.0
469,144.41,0.0
470,143.87,0.0
471,144.6,0.0
472,144.06,0.0
473,143.46,0.0
474,143.44,0.0
475,143.6,0.0
476,144.38,0.0
477,144.2,0.0
478,145.25,0.0
479,144.99,0.0
480,145.08,0.0
481,145.3,0.0
482,145.66,0.0
483,145.89,0.0
484,145.99,0.0
485,145.85,0.0
486,145.79,0.0
487,145.42,0.0
488,145.78,0.0
489,145.93,0.0
490,145.59,0.0
491,145.55,0.0
492,145.87,0.0
493,146.6,0.0
494,146.27,0.0
495,146.43,0.0
496,146.75,0.0
497,146.16,0.0
498,145.81,0.0
499,145.2,0.0
500,145.91,0.0
501,145.93,0.0
502,145.99,0.0
503,145.72,0.0
504,145.34,0.0
505,144.67,0.0
506,145.27,0.0
507,145.88,0.0
508,145.97,0.0
509,145.8,0.0
510,146.31,0.0
511,146.06,0.0
512,145.76,0.0
513,145.93,0.0
514,146.48,0.0
515,146.94,0.0
516,147.14,0.0
517,146.59,0.0
518,146.45,0.0
519,146.71,0.0
520,147.15,0.0
521,147.01,0.0
522,147.41,0.0
523,146.45,0.0
524,146.77,0.0
525,147.03,0.0
526,146.38,0.0
527,147.25,0.0
528,147.14,0.0
529,146.83,0.0
530,146.79,0.0
531,147.41,0.0
532,147.56,0.0
533,147.38,0.0
534,147.46,0.0
535,147.73,0.0
536,148.14,0.0
537,147.7,0.0
538,147.4,0.0
539,147.1,0.0
540,147.23,0.0
541,147.44,0.0
542,147.33,0.0
543,147.46,0.0
544,147.61,0.0
545,147.64,0.0
546,147.8,0.0
547,147.92,0.0
548,148.07,0.0
549,148.33,0.0
550,148.42,0.0
551,148.44,0.0
552,148.34,0.0
553,148.11,0.0
554,147.64,0.0
555,147.92,0.0
556,147.92,0.0
557,148.15,0.0
558,147.94,0.0
559,147.91,0.0
560,147.57,0.0
561,148.16,0.0
562,148.57,0.0
563,148.83,0.0
564,149.36,0.0
565,149.1,0.0
566,148.83,0.0
567,149.18,0.0
568,148.36,0.0
569,148.52,0.0
570,148.37,0.0
571,149.23,0.0
572,149.36,0.0
573,149.23,0.0
574,149.48,0.0
575,148.78,0.0
576,149.12,0.0
577,148.93,0.0
578,149.18,0.0
579,149.53,0.0
580,149.28,0.0
581,148.94,0.0
582,148.7,0.0
583,148.78,0.0
584,149.05,0.0
585,148.76,0.0
586,148.93,0.0
587,148.88,0.0
588,148.76,0.0
589,149.18,0.0
590,149.17,0.0
591,149.15,0.0
592,149.24,0.0
593,149.81,0.0
594,149.78,0.0
595,149.29,0.0
596,149.35,0.0
597,149.56,0.0
598,149.54,0.0
599,149.65,0.0
600,149.66,0.0
601,149.62,0.0
602,149.7,0.0
603,149.46,0.0
604,150.08,0.0
605,149.56,0.0
606,148.99,0.0
607,148.87,0.0
608,149.0,0.0
609,148.33,0.0
610,149.24,0.0
611,148.99,0.0
612,148.79,0.0
613,148.19,0.0
614,147.9,0.0
615,147.48,0.0
616,147.5,0.0
617,147.47,0.0
618,147.46,0.0
619,147.76,0.0
620,147.55,0.0
621,147.13,0.0
622,147.43,0.0
623,147.52,0.0
624,147.41,0.0
625,147.04,0.0
626,147.06,0.0
627,147.54,0.0
628,147.73,0.0
629,147.37,0.0
630,146.74,0.0
631,146.58,0.0
632,147.01,0.0
633,147.47,0.0
634,147.53,0.0
635,147.69,0.0
636,147.76,0.0
637,147.68,0.0
638,147.65,0.0
639,147.41,0.0
640,147.23,0.0
641,147.89,0.0
642,148.28,0.0
643,148.34,0.0
644,148.87,0.0
645,148.55,0.0
646,148.79,0.0
647,148.72,0.0
648,149.4,0.0
649,149.24,0.0
650,148.7,0.0
651,149.22,0.0
652,149.17,0.0
653,148.74,0.0
654,149.2,0.0
655,150.34,0.0
656,150.47,0.0
657,150.39,0.0
658,150.03,0.0
659,149.86,0.0
660,149.94,0.0
661,149.61,0.0
662,149.56,0.0
663,149.79,0.0
664,149.82,0.0
665,150.39,0.0
666,150.06,0.0
667,149.93,0.0
668,150.09,0.0
669,149.51,0.0
670,150.52,0.0
671,150.55,0.0
672,151.23,0.0
673,151.69,0.0
674,151.69,0.0
675,151.44,0.0
676,151.08,0.0
677,151.21,0.0
678,150.81,0.0
679,150.6,0.0
680,151.26,0.0
681,151.86,0.0
682,151.81,0.0
683,152.19,0.0
684,152.29,0.0
685,152.33,0.0
686,152.41,0.0
687,151.81,0.0
688,152.0,0.0
689,151.97,0.0
690,152.38,0.0
691,152.08,0.0
692,152.31,0.0
693,152.66,0.0
694,152.84,0.0
695,152.46,0.0
696,152.54,0.0
697,152.54,0.0
698,152.79,0.0
699,153.44,0.0
700,153.16,0.0
701,152.97,0.0
702,152.91,0.0
703,153.11,0.0
704,153.22,0.0
705,153.41,0.0
706,153.73,0.0
707,153.33,0.0
708,153.48,0.0
709,153.56,0.0
710,153.8,0.0
711,153.95,0.0
712,153.78,0.0
713,153.8,0.0
714,154.58,0.0
715,154.38,0.0
716,154.36,0.0
717,154.2,0.0
718,154.14,0.0
719,154.77,0.0
720,154.86,0.0
721,154.91,0.0
722,154.75,0.0
723,154.12,0.0
724,154.09,0.0
725,153.85,0.0
726,153.42,0.0
727,153.69,0.0
728,153.63,0.0
729,153.89,0.0
730,154.2,0.0
731,154.49,0.0
732,154.69,0.0
733,154.53,0.0
734,154.38,0.0
735,154.75,0.0
736,155.12,0.0
737,155.71,0.0
738,155.33,0.0
739,155.17,0.0
740,156.0,0.0
741,155.66,0.0
742,155.26,0.0
743,155.59,0.0
744,155.01,0.0
745,155.62,0.0
746,155.7,0.0
747,155.89,0.0
748,156.21,0.0
749,156.23,0.0
750,156.83,0.0
751,156.82,0.0
752,157.31,0.0
753,157.4,0.0
754,157.81,0.0
755,158.35,0.0
756,158.63,0.0
757,158.34,0.0
758,158.41,0.0
759,158.28,0.0
760,158.05,0.0
761,158.46,0.0
762,158.63,0.0
763,158.85,0.0
764,158.88,0.0
765,158.97,0.0
766,158.85,0.0
767,159.17,0.0
768,159.38,0.0
769,159.19,0.0
770,159.09,0.0
771,159.46,0.0
772,159.37,0.0
773,159.6,0.0
774,159.8,0.0
775,159.51,0.0
776,159.01,0.0
777,159.07,0.0
778,159.19,0.0
779,159.03,0.0
780,158.59,0.0
781,159.09,0.0
782,159.25,0.0
783,158.98,0.0
784,158.89,0.0
785,158.98,0.0
786,158.79,0.0
787,158.5,0.0
788,158.41,0.0
789,158.17,0.0
790,158.53,0.0
791,158.74,0.0
792,159.15,0.0
793,159.1,0.0
794,159.7,0.0
795,159.57,0.0
796,159.57,0.0
797,159.5,0.0
798,159.4,0.0
799,159.24,0.0
800,159.05,0.0
801,158.9,0.0
802,159.5,0.0
803,159.73,0.0
804,159.2,0.0
805,158.94,0.0
806,159.37,0.0
807,160.05,0.0
808,160.35,0.0
809,159.82,0.0
810,159.51,0.0
811,159.93,0.0
812,159.6,0.0
813,160.0,0.0
814,160.22,0.0
815,160.16,0.0
816,160.14,0.0
817,159.64,0.0
818,159.18,0.0
819,158.53,0.0
820,158.41,0.0
821,158.87,0.0
822,158.94,0.0
823,158.99,0.0
824,158.85,0.0
825,158.71,0.0
826,158.22,0.0
827,158.09,0.0
828,158.34,0.0
829,158.35,0.0
830,158.66,0.0
831,158.69,0.0
832,159.14,0.0
833,158.63,0.0
834,158.54,0.0
835,157.88,0.0
836,158.33,0.0
837,158.33,0.0
838,157.93,0.0
839,158.27,0.0
840,158.16,0.0
841,158.21,0.0
842,158.8,0.0
843,158.77,0.0
844,158.91,0.0
845,159.06,0.0
846,159.08,0.0
847,159.13,0.0
848,159.18,0.0
849,159.38,0.0
850,159.68,0.0
851,159.63,0.0
852,159.69,0.0
853,159.54,0.0
854,159.43,0.0
855,159.77,0.0
856,159.62,0.0
857,159.67,0.0
858,159.28,0.0
859,159.05,0.0
860,158.9,0.0
861,159.42,0.0
862,159.36,0.0
863,159.45,0.0
864,159.73,0.0
865,159.61,0.0
866,160.21,0.0
867,160.18,0.0
868,159.95,0.0
869,159.96,0.0
870,159.59,0.0
871,159.61,0.0
872,159.3,0.0
873,158.93,0.0
874,159.45,0.0
875,160.14,0.0
876,159.88,0.0
877,159.79,0.0
878,159.69,0.0
879,159.43,0.0
880,159.25,0.0
881,159.09,0.0
882,159.74,0.0
883,159.62,0.0
884,159.51,0.0
885,159.16,0.0
886,159.52,0.0
887,159.26,0.0
888,159.29,0.0
889,159.66,0.0
890,159.58,0.0
891,159.86,0.0
892,159.84,0.0
893,159.51,0.0
894,159.42,0.0
895,159.64,0.0
896,159.49,0.0
897,159.55,0.0
898,159.34,0.0
899,159.34,0.0
900,159.28,0.0
901,159.06,0.0
902,159.23,0.0
903,159.54,0.0
904,159.77,0.0
905,159.48,0.0
906,159.89,0.0
907,159.87,0.0
908,160.1,0.0
909,159.67,0.0
910,159.71,0.0
911,159.65,0.0
912,158.82,0.0
913,158.99,0.0
914,159.07,0.0
915,158.69,0.0
916,158.42,0.0
917,158.58,0.0
918,158.45,0.0
919,158.63,0.0
920,158.93,0.0
921,158.74,0.0
922,159.29,0.0
923,159.47,0.0
924,159.41,0.0
925,159.59,0.0
926,159.73,0.0
927,160.02,0.0
928,160.34,0.0
929,160.41,0.0
930,160.12,0.0
931,160.16,0.0
932,160.46,0.0
933,160.48,0.0
934,160.54,0.0
935,160.94,0.0
936,160.9,0.0
937,161.19,0.0
938,161.85,0.0
939,161.25,0.0
940,161.52,0.0
941,161.67,0.0
942,161.66,0.0
943,161.93,0.0
944,161.68,0.0
945,161.26,0.0
946,161.42,0.0
947,161.24,0.0
948,161.56,0.0
949,161.55,0.0
950,161.86,0.0
951,161.7,0.0
952,161.4,0.0
953,161.77,0.0
954,162.0,0.0
955,162.39,0.0
956,162.36,0.0
957,162.4,0.0
958,162.58,0.0
959,162.73,0.0
960,162.96,0.0
961,162.82,0.0
962,163.17,0.0
963,163.49,0.0
964,163.35,0.0
965,163.19,0.0
966,162.96,0.0
967,162.76,0.0
968,162.78,0.0
969,162.9,0.0
970,162.88,0.0
971,163.16,0.0
972,162.93,0.0
973,163.55,0.0
974,163.75,0.0
975,163.61,0.0
976,163.14,0.0
977,163.51,0.0
978,163.66,0.0
979,163.26,0.0
980,163.38,0.0
981,163.39,0.0
982,163.33,0.0
983,163.31,0.0
984,163.8,0.0
985,164.2,0.0
986,164.34,0.0
987,164.19,0.0
988,164.46,0.0
989,164.47,0.0
990,164.36,0.0
991,164.27,0.0
992,163.99,0.0
993,164.08,0.0
994,164.3,0.0
995,164.03,0.0
996,163.96,0.0
997,163.93,0.0
998,163.85,0.0
999,163.68,0.0
1000,163.54,0.0
1001,163.41,0.0
1002,163.01,0.0
1003,163.38,0.0
1004,162.91,0.0
1005,162.81,0.0
1006,163.23,0.0
1007,163.15,0.0
1008,162.74,0.0
1009,162.3,0.0
1010,162.36,0.0
1011,162.81,0.0
1012,162.96,0.0
1013,163.6,0.0
1014,163.01,0.0
1015,162.97,0.0
1016,163.25,0.0
1017,163.58,0.0
1018,164.27,0.0
1019,164.71,0.0
1020,164.85,0.0
1021,165.18,0.0
1022,165.2,0.0
1023,165.63,0.0
1024,165.78,0.0
1025,165.62,0.0
1026,165.37,0.0
1027,165.29,0.0
1028,165.43,0.0
1029,165.14,0.0
1030,164.79,0.0
1031,164.92,0.0
1032,165.1,0.0
1033,165.23,0.0
1034,165.06,0.0
1035,164.84,0.0
1036,165.0,0.0
1037,164.81,0.0
1038,164.82,0.0
1039,165.07,0.0
1040,165.67,0.0
1041,165.25,0.0
1042,165.24,0.0
1043,165.1,0.0
1044,164.77,0.0
1045,164.6,0.0
1046,164.51,0.0
1047,164.81,0.0
1048,164.45,0.0
1049,165.03,0.0
1050,164.83,0.0
1051,164.52,0.0
1052,164.26,0.0
1053,165.02,0.0
1054,164.38,0.0
1055,164.64,0.0
1056,164.47,0.0
1057,164.39,0.0
1058,164.35,0.0
1059,164.4,0.0
1060,164.83,0.0
1061,164.35,0.0
1062,165.0,0.0
1063,165.02,0.0
1064,165.34,0.0
1065,165.13,0.0
1066,164.94,0.0
1067,164.58,0.0
1068,164.42,0.0
1069,164.4,0.0
1070,164.43,0.0
1071,164.23,0.0
1072,164.38,0.0
1073,164.45,0.0
1074,164.14,0.0
1075,164.04,0.0
1076,163.89,0.0
1077,163.78,0.0
1078,163.62,0.0
1079,163.9,0.0
1080,163.95,0.0
1081,164.44,0.0
1082,164.49,0.0
1083,164.28,0.0
1084,164.54,0.0
1085,164.2,0.0
1086,164.11,0.0
1087,164.03,0.0
1088,163.81,0.0
1089,163.72,0.0
1090,163.8,0.0
1091,163.9,0.0
1092,163.76,0.0
1093,163.47,0.0
1094,163.47,0.0
1095,162.95,0.0
1096,163.15,0.0
1097,163.31,0.0
1098,163.15,0.0
1099,163.4,0.0
1100,163.42,0.0
1101,163.37,0.0
1102,163.43,0.0
1103,163.31,0.0
1104,163.27,0.0
1105,163.27,0.0
1106,163.4,0.0
1107,162.93,0.0
1108,163.1,0.0
1109,163.35,0.0
1110,163.11,0.0
1111,162.8,0.0
1112,162.7,0.0
1113,162.99,0.0
1114,162.93,0.0
1115,162.75,0.0
1116,162.19,0.0
1117,162.1,0.0
1118,162.05,0.0
1119,162.28,0.0
1120,161.91,0.0
1121,162.47,0.0
1122,162.29,0.0
1123,162.4,0.0
1124,162.14,0.0
1125,162.55,0.0
1126,162.86,0.0
1127,162.69,0.0
1128,163.02,0.0
1129,163.14,0.0
1130,163.58,0.0
1131,164.19,0.0
1132,164.73,0.0
1133,165.07,0.0
1134,165.29,0.0
1135,164.33,0.0
1136,164.45,0.0
1137,163.92,0.0
1138,164.55,0.0
1139,164.73,0.0
1140,165.23,0.0
1141,165.45,0.0
1142,165.4,0.0
1143,165.25,0.0
1144,165.38,0.0
1145,164.99,0.0
1146,164.92,0.0
1147,164.81,0.0
1148,164.4,0.0
1149,164.13,0.0
1150,164.09,0.0
1151,163.68,0.0
1152,164.04,0.0
1153,163.95,0.0
1154,164.36,0.0
1155,164.32,0.0
1156,164.43,0.0
1157,164.43,0.0
1158,164.21,0.0
1159,163.88,0.0
1160,163.77,0.0
1161,164.02,0.0
1162,164.0,0.0
1163,163.55,0.0
1164,163.51,0.0
1165,163.66,0.0
1166,163.73,0.0
1167,163.88,0.0
1168,163.86,0.0
1169,163.77,0.0
1170,164.06,0.0
1171,164.11,0.0
1172,164.52,0.0
1173,164.4,0.0
1174,164.56,0.0
1175,164.48,0.0
1176,164.58,0.0
1177,164.58,0.0
1178,164.19,0.0
1179,164.25,0.0
1180,164.09,0.0
1181,163.55,0.0
1182,163.43,0.0
1183,163.25,0.0
1184,163.33,0.0
1185,163.48,0.0
1186,163.16,0.0
1187,162.87,0.0
1188,163.09,0.0
1189,163.81,0.0
1190,163.82,0.0
1191,164.19,0.0
1192,164.07,0.0
1193,163.36,0.0
1194,163.88,0.0
1195,164.23,0.0
1196,164.07,0.0
1197,163.75,0.0
1198,163.26,0.0
1199,163.37,0.0
1200,163.22,0.0
1201,163.3,0.0
1202,163.45,0.0
1203,163.1,0.0
1204,162.79,0.0
1205,163.11,0.0
1206,163.56,0.0
1207,163.62,0.0
1208,163.55,0.0
1209,163.55,0.0
1210,163.36,0.0
1211,162.99,0.0
1212,162.79,0.0
1213,162.77,0.0
1214,162.9,0.0
1215,163.0,0.0
1216,163.26,0.0
1217,163.4,0.0
1218,163.34,0.0
1219,163.88,0.0
1220,163.76,0.0
1221,163.51,0.0
1222,163.56,0.0
1223,163.55,0.0
1224,163.4,0.0
1225,163.43,0.0
1226,163.79,0.0
1227,163.52,0.0
1228,163.42,0.0
1229,163.13,0.0
1230,162.99,0.0
1231,162.91,0.0
1232,163.03,0.0
1233,163.28,0.0
1234,163.15,0.0
1235,163.21,0.0
1236,163.21,0.0
1237,163.31,0.0
1238,163.23,0.0
1239,162.77,0.0
1240,162.59,0.0
1241,162.55,0.0
1242,162.5,0.0
1243,162.62,0.0
1244,162.95,0.0
1245,163.08,0.0
1246,163.19,0.0
1247,162.69,0.0
1248,162.74,0.0
1249,162.98,0.0
1250,162.78,0.0
1251,162.64,0.0
1252,162.55,0.0
1253,162.76,0.0
1254,162.81,0.0
1255,163.09,0.0
1256,163.32,0.0
1257,162.88,0.0
1258,163.18,0.0
1259,163.33,0.0
1260,163.25,0.0
1261,163.25,0.0
1262,163.76,0.0
1263,163.78,0.0
1264,163.77,0.0
1265,163.79,0.0
1266,163.97,0.0
1267,163.72,0.0
1268,163.57,0.0
1269,163.16,0.0
1270,162.85,0.0
1271,162.3,0.0
1272,162.74,0.0
1273,163.03,0.0
1274,163.02,0.0
1275,162.86,0.0
1276,162.94,0.0
1277,163.27,0.0
1278,163.04,0.0
1279,163.14,0.0
1280,163.21,0.0
1281,162.96,0.0
1282,162.86,0.0
1283,162.97,0.0
1284,162.91,0.0
1285,162.85,0.0
1286,163.12,0.0
1287,162.78,0.0
1288,162.3,0.0
1289,162.45,0.0
1290,162.3,0.0
1291,162.49,0.0
1292,162.91,0.0
1293,163.14,0.0
1294,163.14,0.0
1295,163.44,0.0
1296,163.18,0.0
1297,163.1,0.0
1298,163.04,0.0
1299,163.26,0.0
1300,162.93,0.0
1301,162.76,0.0
1302,162.56,0.0
1303,162.51,0.0
1304,162.8,0.0
1305,163.06,0.0
1306,162.78,0.0
1307,162.4,0.0
1308,162.37,0.0
1309,162.9,0.0
1310,162.75,0.0
1311,163.14,0.0
1312,162.86,0.0
1313,162.74,0.0
1314,162.64,0.0
1315,162.83,0.0
1316,162.94,0.0
1317,162.78,0.0
1318,162.43,0.0
1319,161.94,0.0
1320,161.69,0.0
1321,161.24,0.0
1322,161.2,0.0
1323,161.38,0.0
1324,160.99,0.0
1325,161.34,0.0
1326,161.49,0.0
1327,161.18,0.0
1328,161.14,0.0
1329,160.91,0.0
1330,160.94,0.0
1331,161.2,0.0
1332,161.26,0.0
1333,161.17,0.0
1334,160.96,0.0
1335,160.79,0.0
1336,160.91,0.0
1337,160.78,0.0
1338,160.41,0.0
1339,160.27,0.0
1340,160.56,0.0
1341,160.2,0.0
1342,160.0,0.0
1343,159.99,0.0
1344,160.02,0.0
1345,160.5,0.0
1346,160.47,0.0
1347,160.45,0.0
1348,160.24,0.0
1349,160.29,0.0
1350,160.3,0.0
1351,160.74,0.0
1352,160.64,0.0
1353,160.51,0.0
1354,160.9,0.0
1355,160.69,0.0
1356,160.58,0.0
1357,160.48,0.0
1358,160.71,0.0
1359,160.67,0.0
1360,160.41,0.0
1361,160.51,0.0
1362,160.66,0.0
1363,160.96,0.0
1364,161.09,0.0
1365,160.94,0.0
1366,160.76,0.0
1367,160.75,0.0
1368,160.38,0.0
1369,160.6,0.0
1370,160.54,0.0
1371,160.63,0.0
1372,160.58,0.0
1373,160.61,0.0
1374,160.73,0.0
1375,160.83,0.0
1376,161.03,0.0
1377,161.02,0.0
1378,160.98,0.0
1379,161.06,0.0
1380,161.27,0.0
1381,161.22,0.0
1382,161.37,0.0
1383,161.34,0.0
1384,161.66,0.0
1385,161.49,0.0
1386,161.81,0.0
1387,161.47,0.0
1388,161.69,0.0
1389,161.72,0.0
1390,161.6,0.0
1391,161.55,0.0
1392,161.41,0.0
1393,161.58,0.0
1394,161.76,0.0
1395,162.09,0.0
1396,162.28,0.0
1397,162.44,0.0
1398,162.43,0.0
1399,162.75,0.0
1400,162.72,0.0
1401,162.59,0.0
1402,162.42,0.0
1403,162.55,0.0
1404,162.54,0.0
1405,162.69,0.0
1406,162.49,0.0
1407,162.52,0.0
1408,162.65,0.0
1409,163.0,0.0
1410,162.84,0.0
1411,162.53,0.0
1412,162.47,0.0
1413,162.17,0.0
1414,162.08,0.0
1415,162.33,0.0
1416,162.95,0.0
1417,162.85,0.0
1418,162.87,0.0
1419,162.48,0.0
1420,162.8,0.0
1421,163.15,0.0
1422,162.76,0.0
1423,162.61,0.0
1424,162.94,0.0
1425,163.09,0.0
1426,162.84,0.0
1427,162.74,0.0
1428,162.56,0.0
1429,162.43,0.0
1430,162.46,0.0
1431,162.38,0.0
1432,162.39,0.0
1433,162.12,0.0
1434,161.8,0.0
1435,162.06,0.0
1436,162.54,0.0
1437,161.85,0.0
1438,162.37,0.0
1439,162.08,0.0
1440,161.77,0.0
1441,161.75,0.0
1442,162.08,0.0
1443,162.18,0.0
1444,161.89,0.0
1445,161.9,0.0
1446,161.57,0.0
1447,161.65,0.0
1448,161.84,0.0
1449,161.87,0.0
1450,161.99,0.0
1451,161.87,0.0
1452,161.64,0.0
1453,161.43,0.0
1454,161.5,0.0
1455,162.2,0.0
1456,162.09,0.0
1457,162.63,0.0
1458,162.62,0.0
1459,162.55,0.0
1460,162.33,0.0
1461,161.83,0.0
1462,161.89,0.0
1463,162.38,0.0
1464,162.5,0.0
1465,162.61,0.0
1466,161.98,0.0
1467,161.56,0.0
1468,161.62,0.0
1469,162.11,0.0
1470,161.84,0.0
1471,162.02,0.0
1472,161.94,0.0
1473,161.67,0.0
1474,161.57,0.0
1475,161.6,0.0
1476,161.65,0.0
1477,161.37,0.0
1478,161.49,0.0
1479,161.39,0.0
1480,161.23,0.0
1481,161.51,0.0
1482,161.64,0.0
1483,161.34,0.0
1484,161.61,0.0
1485,161.19,0.0
1486,160.95,0.0
1487,160.77,0.0
1488,160.98,0.0
1489,161.21,0.0
1490,161.35,0.0
1491,161.17,0.0
1492,161.09,0.0
1493,160.88,0.0
1494,161.11,0.0
1495,161.11,0.0
1496,161.22,0.0
1497,161.25,0.0
1498,161.07,0.0
1499,161.55,0.0
1500,161.21,0.0
1501,161.22,0.0
1502,161.37,0.0
1503,161.31,0.0
1504,161.28,0.0
1505,161.33,0.0
1506,160.98,0.0
1507,161.22,0.0
1508,161.7,0.0
1509,162.1,0.0
1510,161.82,0.0
1511,162.18,0.0
1512,162.24,0.0
1513,161.69,0.0
1514,161.72,0.0
1515,161.61,0.0
1516,161.44,0.0
1517,161.36,0.0
1518,161.55,0.0
1519,161.7,0.0
1520,161.7,0.0
1521,161.54,0.0
1522,161.12,0.0
1523,161.43,0.0
1524,160.92,0.0
1525,160.95,0.0
1526,161.35,0.0
1527,160.85,0.0
1528,160.92,0.0
1529,160.99,0.0
1530,161.07,0.0
1531,161.04,0.0
1532,161.23,0.0
1533,161.22,0.0
1534,161.46,0.0
1535,160.86,0.0
1536,160.96,0.0
1537,161.08,0.0
1538,160.64,0.0
1539,160.72,0.0
1540,160.87,0.0
1541,161.05,0.0
1542,160.92,0.0
1543,161.09,0.0
1544,161.19,0.0
1545,161.22,0.0
1546,161.16,0.0
1547,161.36,0.0
1548,160.97,0.0
1549,161.2,0.0
1550,160.85,0.0
1551,161.1,0.0
1552,161.23,0.0
1553,161.15,0.0
1554,161.12,0.0
1555,161.07,0.0
1556,161.04,0.0
1557,160.79,0.0
1558,160.09,0.0
1559,160.37,0.0
1560,160.79,0.0
1561,160.89,0.0
1562,160.79,0.0
1563,161.19,0.0
1564,160.73,0.0
1565,160.25,0.0
1566,160.64,0.0
1567,160.58,0.0
1568,160.89,0.0
1569,160.9,0.0
1570,161.17,0.0
1571,160.77,0.0
1572,160.62,0.0
1573,160.76,0.0
1574,160.35,0.0
1575,160.87,0.0
1576,161.07,0.0
1577,161.09,0.0
1578,161.38,0.0
1579,161.62,0.0
1580,161.44,0.0
1581,161.62,0.0
1582,161.6,0.0
1583,162.03,0.0
1584,161.93,0.0
1585,161.8,0.0
1586,162.13,0.0
1587,162.2,0.0
1588,162.75,0.0
1589,162.6,0.0
1590,162.73,0.0
1591,162.77,0.0
1592,162.63,0.0
1593,162.35,0.0
1594,162.04,0.0
1595,162.39,0.0
1596,162.18,0.0
1597,162.16,0.0
1598,162.22,0.0
1599,162.19,0.0
1600,162.0,0.0
1601,161.76,0.0
1602,161.75,0.0
1603,161.8,0.0
1604,161.73,0.0
1605,161.22,0.0
1606,161.3,0.0
1607,161.58,0.0
1608,161.48,0.0
1609,162.34,0.0
1610,162.16,0.0
1611,162.38,0.0
1612,162.6,0.0
1613,162.58,0.0
1614,162.44,0.0
1615,162.46,0.0
1616,162.34,0.0
1617,162.3,0.0
1618,162.31,0.0
1619,162.24,0.0
1620,162.23,0.0
1621,161.98,0.0
1622,161.87,0.0
1623,162.3,0.0
1624,162.12,0.0
1625,162.52,0.0
1626,162.39,0.0
1627,162.4,0.0
1628,162.74,0.0
1629,162.87,0.0
1630,162.72,0.0
1631,163.09,0.0
1632,163.16,0.0
1633,163.44,0.0
1634,163.7,0.0
1635,163.81,0.0
1636,163.99,0.0
1637,163.95,0.0
1638,163.62,0.0
1639,163.43,0.0
1640,163.37,0.0
1641,163.4,0.0
1642,164.18,0.0
1643,164.13,0.0
1644,164.5,0.0
1645,164.74,0.0
1646,164.3,0.0
1647,163.91,0.0
1648,164.06,0.0
1649,163.6,0.0
1650,163.6,0.0
1651,163.67,0.0
1652,163.61,0.0
1653,163.34,0.0
1654,163.41,0.0
1655,163.35,0.0
1656,163.05,0.0
1657,163.46,0.0
1658,163.29,0.0
1659,163.26,0.0
1660,162.93,0.0
1661,162.9,0.0
1662,162.81,0.0
1663,163.02,0.0
1664,162.66,0.0
1665,162.82,0.0
1666,162.96,0.0
1667,163.33,0.0
1668,163.19,0.0
1669,163.17,0.0
1670,163.28,0.0
1671,163.26,0.0
1672,163.33,0.0
1673,163.47,0.0
1674,162.92,0.0
1675,162.99,0.0
1676,162.82,0.0
1677,162.8,0.0
1678,162.6,0.0
1679,162.57,0.0
1680,162.47,0.0
1681,162.32,0.0
1682,162.39,0.0
1683,162.49,0.0
1684,162.33,0.0
1685,163.03,0.0
1686,163.26,0.0
1687,162.77,0.0
1688,162.88,0.0
1689,162.72,0.0
1690,162.6,0.0
1691,162.24,0.0
1692,162.34,0.0
1693,162.45,0.0
1694,162.86,0.0
1695,163.14,0.0
1696,163.01,0.0
1697,162.78,0.0
1698,162.79,0.0
1699,163.26,0.0
1700,163.23,0.0
1701,163.48,0.0
1702,163.78,0.0
1703,163.88,0.0
1704,164.0,0.0
1705,163.73,0.0
1706,163.6,0.0
1707,163.58,0.0
1708,163.61,0.0
1709,163.88,0.0
1710,163.75,0.0
1711,163.84,0.0
1712,163.88,0.0
1713,164.03,0.0
1714,163.85,0.0
1715,163.77,0.0
1716,163.29,0.0
1717,163.51,0.0
1718,163.3,0.0
1719,163.14,0.0
1720,163.0,0.0
1721,162.72,0.0
1722,163.14,0.0
1723,162.98,0.0
1724,162.86,0.0
1725,162.92,0.0
1726,162.93,0.0
1727,163.07,0.0
1728,162.83,0.0
1729,163.39,0.0
1730,163.48,0.0
1731,163.53,0.0
1732,163.56,0.0
1733,163.76,0.0
1734,163.77,0.0
1735,164.15,0.0
1736,164.01,0.0
1737,164.28,0.0
1738,163.9,0.0
1739,163.37,0.0
1740,163.5,0.0
1741,163.49,0.0
1742,163.32,0.0
1743,163.25,0.0
1744,163.44,0.0
1745,163.37,0.0
1746,163.27,0.0
1747,163.29,0.0
1748,163.37,0.0
1749,163.3,0.0
1750,162.96,0.0
1751,163.33,0.0
1752,163.2,0.0
1753,163.13,0.0
1754,163.09,0.0
1755,163.17,0.0
1756,162.75,0.0
1757,162.91,0.0
1758,162.89,0.0
1759,163.12,0.0
1760,163.18,0.0
1761,163.27,0.0
1762,163.15,0.0
1763,163.03,0.0
1764,163.13,0.0
1765,163.06,0.0
1766,163.08,0.0
1767,163.09,0.0
1768,163.31,0.0
1769,162.94,0.0
1770,163.27,0.0
1771,162.97,0.0
1772,163.17,0.0
1773,162.75,0.0
1774,162.63,0.0
1775,162.42,0.0
1776,162.28,0.0
1777,162.28,0.0
1778,162.26,0.0
1779,162.79,0.0
1780,162.51,0.0
1781,162.4,0.0
1782,162.46,0.0
1783,162.01,0.0
1784,161.8,0.0
1785,161.85,0.0
1786,161.33,0.0
1787,161.31,0.0
1788,161.36,0.0
1789,161.71,0.0
1790,161.8,0.0
1791,161.94,0.0
1792,161.95,0.0
1793,161.96,0.0
1794,161.79,0.0
1795,162.04,0.0
1796,162.37,0.0
1797,162.29,0.0
1798,162.17,0.0
1799,162.08,0.0
1800,162.06,0.0
1801,162.38,0.0
1802,162.31,0.0
1803,162.07,0.0
1804,162.03,0.0
1805,161.78,0.0
1806,161.52,0.0
1807,162.01,0.0
1808,161.81,0.0
1809,162.29,0.0
1810,162.15,0.0
1811,162.07,0.0
1812,162.01,0.0
1813,162.15,0.0
1814,161.89,0.0
1815,161.72,0.0
1816,161.61,0.0
1817,161.67,0.0
1818,161.41,0.0
1819,161.44,0.0
1820,161.38,0.0
1821,161.15,0.0
1822,161.23,0.0
1823,161.27,0.0
1824,161.28,0.0
1825,161.21,0.0
1826,160.95,0.0
1827,160.82,0.0
1828,161.09,0.0
1829,160.73,0.0
1830,160.44,0.0
1831,160.82,0.0
1832,161.2,0.0
1833,161.03,0.0
1834,160.97,0.0
1835,161.07,0.0
1836,161.15,0.0
1837,161.32,0.0
1838,161.37,0.0
1839,161.38,0.0
1840,161.18,0.0
1841,161.02,0.0
1842,161.22,0.0
1843,161.18,0.0
1844,161.42,0.0
1845,161.65,0.0
1846,161.44,0.0
1847,161.12,0.0
1848,161.4,0.0
1849,161.34,0.0
1850,161.27,0.0
1851,161.1,0.0
1852,161.34,0.0
1853,160.82,0.0
1854,161.0,0.0
1855,161.2,0.0
1856,160.82,0.0
1857,160.82,0.0
1858,160.6,0.0
1859,160.57,0.0
1860,160.48,0.0
1861,160.67,0.0
1862,160.32,0.0
1863,160.17,0.0
1864,160.47,0.0
1865,160.21,0.0
1866,159.87,0.0
1867,160.01,0.0
1868,159.89,0.0
1869,159.9,0.0
1870,160.2,0.0
1871,160.06,0.0
1872,160.08,0.0
1873,160.04,0.0
1874,159.96,0.0
1875,160.14,0.0
1876,160.07,0.0
1877,160.17,0.0
1878,160.54,0.0
1879,160.23,0.0
1880,160.23,0.0
1881,160.06,0.0
1882,160.18,0.0
1883,160.01,0.0
1884,160.03,0.0
1885,160.38,0.0
1886,160.42,0.0
1887,160.62,0.0
1888,160.58,0.0
1889,160.51,0.0
1890,160.15,0.0
1891,159.92,0.0
1892,159.95,0.0
1893,159.82,0.0
1894,159.61,0.0
1895,159.36,0.0
1896,159.24,0.0
1897,159.5,0.0
1898,159.97,0.0
1899,160.03,0.0
1900,160.16,0.0
1901,160.17,0.0
1902,159.91,0.0
1903,159.67,0.0
1904,159.98,0.0
1905,160.15,0.0
1906,160.22,0.0
1907,159.9,0.0
1908,159.59,0.0
1909,159.43,0.0
1910,159.2,0.0
1911,159.09,0.0
1912,158.97,0.0
1913,158.78,0.0
1914,158.71,0.0
1915,158.22,0.0
1916,158.41,0.0
1917,158.76,0.0
1918,158.54,0.0
1919,158.35,0.0
1920,158.1,0.0
1921,158.4,0.0
1922,158.48,0.0
1923,158.6,0.0
1924,158.29,0.0
1925,158.18,0.0
1926,158.26,0.0
1927,158.62,0.0
1928,158.71,0.0
1929,158.72,0.0
1930,158.83,0.0
1931,158.73,0.0
1932,159.09,0.0
1933,158.91,0.0
1934,158.92,0.0
1935,158.88,0.0
1936,158.66,0.0
1937,158.65,0.0
1938,158.41,0.0
1939,158.48,0.0
1940,158.56,0.0
1941,158.32,0.0
1942,158.36,0.0
1943,158.39,0.0
1944,158.77,0.0
1945,158.84,0.0
1946,158.57,0.0
1947,158.86,0.0
1948,158.91,0.0
1949,158.9,0.0
1950,158.85,0.0
1951,159.06,0.0
1952,158.81,0.0
1953,158.64,0.0
1954,158.39,0.0
1955,158.29,0.0
1956,157.96,0.0
1957,158.54,0.0
1958,158.99,0.0
1959,159.32,0.0
1960,158.92,0.0
1961,158.81,0.0
1962,158.7,0.0
1963,158.74,0.0
1964,158.44,0.0
1965,158.31,0.0
1966,157.95,0.0
1967,157.81,0.0
1968,157.8,0.0
1969,157.83,0.0
1970,157.99,0.0
1971,158.0,0.0
1972,157.9,0.0
1973,158.14,0.0
1974,158.2,0.0
1975,157.98,0.0
1976,158.22,0.0
1977,157.87,0.0
1978,158.1,0.0
1979,158.01,0.0
1980,158.37,0.0
1981,157.93,0.0
1982,158.0,0.0
1983,157.91,0.0
1984,157.8,0.0
1985,157.45,0.0
1986,157.71,0.0
1987,158.08,0.0
1988,157.77,0.0
1989,158.0,0.0
1990,158.16,0.0
1991,158.42,0.0
1992,158.07,0.0
1993,157.49,0.0
1994,157.69,0.0
1995,157.38,0.0
1996,157.23,0.0
1997,157.7,0.0
1998,157.77,0.0
1999,157.75,0.0
2000,157.81,0.0
2001,158.03,0.0
2002,158.16,0.0
2003,157.96,0.0
2004,157.77,0.0
2005,157.53,0.0
2006,157.52,0.0
2007,157.85,0.0
2008,157.85,0.0
2009,157.76,0.0
2010,157.99,0.0
2011,158.36,0.0
2012,158.1,0.0
2013,158.0,0.0
2014,157.86,0.0
2015,157.75,0.0
2016,157.92,0.0
2017,158.02,0.0
2018,158.16,0.0
2019,157.73,0.0
2020,157.68,0.0
2021,157.68,0.0
2022,157.61,0.0
2023,157.25,0.0
2024,157.29,0.0
2025,157.11,0.0
2026,157.12,0.0
2027,157.01,0.0
2028,157.04,0.0
2029,156.94,0.0
2030,156.57,0.0
2031,156.85,0.0
2032,156.96,0.0
2033,156.49,0.0
2034,156.62,0.0
2035,156.88,0.0
2036,157.03,0.0
2037,156.95,0.0
2038,156.83,0.0
2039,157.38,0.0
2040,157.41,0.0
2041,157.56,0.0
2042,157.66,0.0
2043,157.73,0.0
2044,157.73,0.0
2045,157.87,0.0
2046,157.78,0.0
2047,157.8,0.0
2048,157.94,0.0
2049,157.47,0.0
2050,157.64,0.0
2051,157.61,0.0
2052,157.47,0.0
2053,157.3,0.0
2054,157.23,0.0
2055,157.03,0.0
2056,157.11,0.0
2057,157.42,0.0
2058,157.83,0.0
2059,157.51,0.0
2060,157.37,0.0
2061,157.51,0.0
2062,157.11,0.0
2063,157.34,0.0
2064,157.5,0.0
2065,157.41,0.0
2066,157.22,0.0
2067,156.94,0.0
2068,156.87,0.0
2069,156.78,0.0
2070,156.53,0.0
2071,156.68,0.0
2072,156.62,0.0
2073,156.47,0.0
2074,156.37,0.0
2075,156.21,0.0
2076,155.99,0.0
2077,156.27,0.0
2078,156.21,0.0
2079,156.08,0.0
2080,156.24,0.0
2081,156.07,0.0
2082,156.03,0.0
2083,155.89,0.0
2084,155.69,0.0
2085,155.65,0.0
2086,155.75,0.0
2087,155.53,0.0
2088,155.69,0.0
2089,155.18,0.0
2090,155.31,0.0
2091,155.47,0.0
2092,155.41,0.0
2093,155.1,0.0
2094,155.05,0.0
2095,154.82,0.0
2096,154.63,0.0
2097,154.4,0.0
2098,154.72,0.0
2099,154.66,0.0
2100,154.76,0.0
2101,154.67,0.0
2102,154.66,0.0
2103,154.64,0.0
2104,154.74,0.0
2105,154.53,0.0
2106,154.35,0.0
2107,154.29,0.0
2108,154.35,0.0
2109,154.6,0.0
2110,153.98,0.0
2111,153.81,0.0
2112,153.81,0.0
2113,153.58,0.0
2114,153.5,0.0
2115,153.58,0.0
2116,153.45,0.0
2117,153.38,0.0
2118,153.19,0.0
2119,153.48,0.0
2120,153.37,0.0
2121,153.64,0.0
2122,153.7,0.0
2123,153.51,0.0
2124,153.71,0.0
2125,153.37,0.0
2126,153.7,0.0
2127,153.23,0.0
2128,153.2,0.0
2129,153.05,0.0
2130,152.77,0.0
2131,152.85,0.0
2132,152.79,0.0
2133,152.8,0.0
2134,152.91,0.0
2135,153.03,0.0
2136,153.03,0.0
2137,152.75,0.0
2138,152.75,0.0
2139,152.82,0.0
2140,152.89,0.0
2141,152.9,0.0
2142,153.49,0.0
2143,153.39,0.0
2144,153.46,0.0
2145,153.05,0.0
2146,153.06,0.0
2147,152.9,0.0
2148,153.26,0.0
2149,153.66,0.0
2150,153.69,0.0
2151,153.86,0.0
2152,153.94,0.0
2153,153.94,0.0
2154,154.23,0.0
2155,154.53,0.0
2156,154.42,0.0
2157,154.71,0.0
2158,154.62,0.0
2159,154.71,0.0
2160,154.62,0.0
2161,154.6,0.0
2162,154.3,0.0
2163,154.3,0.0
2164,154.36,0.0
2165,154.34,0.0
2166,154.64,0.0
2167,154.38,0.0
2168,154.98,0.0
2169,154.84,0.0
2170,154.68,0.0
2171,154.83,0.0
2172,154.87,0.0
2173,154.53,0.0
2174,154.74,0.0
2175,155.08,0.0
2176,155.07,0.0
2177,155.1,0.0
2178,155.21,0.0
2179,155.32,0.0
2180,155.62,0.0
2181,155.51,0.0
2182,155.86,0.0
2183,155.89,0.0
2184,155.55,0.0
2185,155.82,0.0
2186,155.68,0.0
2187,155.5,0.0
2188,155.08,0.0
2189,155.23,0.0
2190,155.19,0.0
2191,155.45,0.0
2192,155.46,0.0
2193,155.56,0.0
2194,155.2,0.0
2195,155.12,0.0
2196,155.36,0.0
2197,155.36,0.0
2198,155.56,0.0
2199,155.61,0.0
2200,155.46,0.0
2201,155.36,0.0
2202,155.58,0.0
2203,155.4,0.0
2204,155.29,0.0
2205,155.38,0.0
2206,155.44,0.0
2207,155.55,0.0
2208,155.66,0.0
2209,155.48,0.0
2210,155.64,0.0
2211,155.4,0.0
2212,155.1,0.0
2213,154.77,0.0
2214,154.99,0.0
2215,155.15,0.0
2216,155.05,0.0
2217,155.27,0.0
2218,155.07,0.0
2219,155.32,0.0
2220,155.14,0.0
2221,154.89,0.0
2222,154.92,0.0
2223,154.95,0.0
2224,155.37,0.0
2225,154.73,0.0
2226,155.17,0.0
2227,154.93,0.0
2228,155.05,0.0
2229,155.43,0.0
2230,155.35,0.0
2231,155.31,0.0
2232,155.19,0.0
2233,155.09,0.0
2234,155.23,0.0
2235,155.32,0.0
2236,155.48,0.0
2237,155.42,0.0
2238,155.6,0.0
2239,155.61,0.0
2240,155.64,0.0
2241,155.72,0.0
2242,155.7,0.0
2243,155.65,0.0
2244,155.8,0.0
2245,155.98,0.0
2246,155.77,0.0
2247,155.7,0.0
2248,155.83,0.0
2249,156.2,0.0
2250,155.88,0.0
2251,155.94,0.0
2252,155.86,0.0
2253,155.59,0.0
2254,155.61,0.0
2255,155.54,0.0
2256,155.96,0.0
2257,155.89,0.0
2258,156.1,0.0
2259,156.15,0.0
2260,156.02,0.0
2261,155.95,0.0
2262,155.78,0.0
2263,155.88,0.0
2264,155.91,0.0
2265,156.05,0.0
2266,156.14,0.0
2267,156.14,0.0
2268,156.16,0.0
2269,156.16,0.0
2270,156.23,0.0
2271,156.37,0.0
2272,156.19,0.0
2273,156.29,0.0
2274,156.06,0.0
2275,155.83,0.0
2276,155.5,0.0
2277,155.14,0.0
2278,154.83,0.0
2279,154.82,0.0
2280,154.68,0.0
2281,155.24,0.0
2282,155.11,0.0
2283,155.17,0.0
2284,155.22,0.0
2285,154.8,0.0
2286,154.93,0.0
2287,154.96,0.0
2288,154.75,0.0
2289,154.73,0.0
2290,154.98,0.0
2291,155.05,0.0
2292,155.25,0.0
2293,155.33,0.0
2294,155.72,0.0
2295,155.77,0.0
2296,155.42,0.0
2297,155.61,0.0
2298,155.51,0.0
2299,155.64,0.0
2300,155.61,0.0
2301,155.83,0.0
2302,155.54,0.0
2303,155.17,0.0
2304,155.61,0.0
2305,155.85,0.0
2306,155.81,0.0
2307,155.66,0.0
2308,155.52,0.0
2309,155.33,0.0
2310,155.1,0.0
2311,155.17,0.0
2312,154.89,0.0
2313,155.14,0.0
2314,155.11,0.0
2315,155.21,0.0
2316,155.02,0.0
2317,154.71,0.0
2318,155.2,0.0
2319,155.34,0.0
2320,155.42,0.0
2321,155.42,0.0
2322,155.3,0.0
2323,155.42,0.0
2324,155.49,0.0
2325,155.7,0.0
2326,155.68,0.0
2327,155.68,0.0
2328,155.52,0.0
2329,155.23,0.0
2330,155.47,0.0
2331,155.63,0.0
2332,155.95,0.0
2333,155.63,0.0
2334,155.91,0.0
2335,156.07,0.0
2336,156.1,0.0
2337,156.18,0.0
2338,155.96,0.0
2339,156.02,0.0
2340,155.95,0.0
2341,155.96,0.0
2342,155.67,0.0
2343,155.42,0.0
2344,155.54,0.0
2345,155.76,0.0
2346,155.85,0.0
2347,156.14,0.0
2348,155.91,0.0
2349,155.88,0.0
2350,156.0,0.0
2351,156.06,0.0
2352,156.48,0.0
2353,156.69,0.0
2354,156.63,0.0
2355,156.59,0.0
2356,156.73,0.0
2357,156.56,0.0
2358,157.02,0.0
2359,156.9,0.0
2360,156.66,0.0
2361,156.54,0.0
2362,156.63,0.0
2363,156.35,0.0
2364,156.17,0.0
2365,155.76,0.0
2366,155.82,0.0
2367,155.97,0.0
2368,155.79,0.0
2369,155.76,0.0
2370,156.13,0.0
2371,156.2,0.0
2372,156.18,0.0
2373,156.05,0.0
2374,156.21,0.0
2375,156.43,0.0
2376,156.12,0.0
2377,156.06,0.0
2378,156.21,0.0
2379,156.19,0.0
2380,156.22,0.0
2381,156.5,0.0
2382,156.4,0.0
2383,156.08,0.0
2384,155.99,0.0
2385,155.77,0.0
2386,155.89,0.0
2387,155.85,0.0
2388,155.87,0.0
2389,155.76,0.0
2390,155.85,0.0
2391,155.74,0.0
2392,155.42,0.0
2393,155.32,0.0
2394,155.62,0.0
2395,155.9,0.0
2396,155.76,0.0
2397,155.88,0.0
2398,155.66,0.0
2399,155.79,0.0
2400,155.72,0.0
2401,155.63,0.0
2402,155.91,0.0
2403,155.78,0.0
2404,155.57,0.0
2405,155.56,0.0
2406,155.71,0.0
2407,155.87,0.0
2408,156.07,0.0
2409,156.21,0.0
2410,156.24,0.0
2411,156.56,0.0
2412,156.46,0.0
2413,156.59,0.0
2414,156.71,0.0
2415,156.59,0.0
2416,156.38,0.0
2417,156.44,0.0
2418,156.72,0.0
2419,156.83,0.0
2420,156.93,0.0
2421,156.83,0.0
2422,157.11,0.0
2423,157.18,0.0
2424,157.32,0.0
2425,157.35,0.0
2426,157.24,0.0
2427,156.88,0.0
2428,156.69,0.0
2429,156.57,0.0
2430,156.19,0.0
2431,156.26,0.0
2432,156.08,0.0
2433,156.18,0.0
2434,156.68,0.0
2435,156.56,0.0
2436,156.8,0.0
2437,157.13,0.0
2438,156.96,0.0
2439,156.9,0.0
2440,156.61,0.0
2441,156.37,0.0
2442,156.5,0.0
2443,156.68,0.0
2444,156.55,0.0
2445,156.62,0.0
2446,156.93,0.0
2447,156.76,0.0
2448,156.89,0.0
2449,157.21,0.0
2450,157.28,0.0
2451,157.37,0.0
2452,157.46,0.0
2453,157.45,0.0
2454,157.44,0.0
2455,157.66,0.0
2456,157.8,0.0
2457,157.5,0.0
2458,157.33,0.0
2459,157.93,0.0
2460,157.64,0.0
2461,157.86,0.0
2462,157.62,0.0
2463,157.6,0.0
2464,157.43,0.0
2465,157.07,0.0
2466,157.4,0.0
2467,157.35,0.0
2468,157.26,0.0
2469,157.23,0.0
2470,157.09,0.0
2471,156.99,0.0
2472,156.61,0.0
2473,156.66,0.0
2474,156.8,0.0
2475,156.69,0.0
2476,156.78,0.0
2477,156.83,0.0
2478,156.9,0.0
2479,156.62,0.0
2480,156.92,0.0
2481,157.19,0.0
2482,157.34,0.0
2483,157.29,0.0
2484,157.39,0.0
2485,157.68,0.0
2486,157.39,0.0
2487,157.23,0.0
2488,157.13,0.0
2489,156.91,0.0
2490,156.76,0.0
2491,156.76,0.0
2492,156.85,0.0
2493,156.92,0.0
2494,156.87,0.0
2495,157.29,0.0
2496,157.25,0.0
2497,157.36,0.0
2498,157.14,0.0
2499,156.88,0.0
2500,156.97,0.0
2501,156.62,0.0
2502,156.51,0.0
2503,156.29,0.0
2504,156.39,0.0
2505,156.62,0.0
2506,157.05,0.0
2507,156.91,0.0
2508,157.05,0.0
2509,156.52,0.0
2510,156.72,0.0
2511,156.82,0.0
2512,156.55,0.0
2513,156.56,0.0
2514,156.59,0.0
2515,156.13,0.0
2516,156.31,0.0
2517,156.29,0.0
2518,156.42,0.0
2519,156.21,0.0
2520,156.66,0.0
2521,157.08,0.0
2522,156.9,0.0
2523,157.05,0.0
2524,156.92,0.0
2525,156.91,0.0
2526,156.87,0.0
2527,156.68,0.0
2528,156.55,0.0
2529,156.54,0.0
2530,156.5,0.0
2531,156.51,0.0
2532,156.52,0.0
2533,156.68,0.0
2534,156.25,0.0
2535,156.83,0.0
2536,156.73,0.0
2537,156.8,0.0
2538,156.49,0.0
2539,156.5,0.0
2540,156.7,0.0
2541,156.67,0.0
2542,156.9,0.0
2543,157.09,0.0
2544,156.86,0.0
2545,156.9,0.0
2546,156.79,0.0
2547,157.03,0.0
2548,156.69,0.0
2549,157.01,0.0
2550,157.34,0.0
2551,157.26,0.0
2552,157.19,0.0
2553,157.42,0.0
2554,157.46,0.0
2555,157.54,0.0
2556,157.55,0.0
2557,157.74,0.0
2558,157.8,0.0
2559,158.05,0.0
2560,158.07,0.0
2561,158.17,0.0
2562,158.13,0.0
2563,158.08,0.0
2564,158.19,0.0
2565,157.93,0.0
2566,158.12,0.0
2567,158.45,0.0
2568,158.29,0.0
2569,158.28,0.0
2570,158.47,0.0
2571,158.05,0.0
2572,157.97,0.0
2573,157.87,0.0
2574,158.25,0.0
2575,158.28,0.0
2576,158.28,0.0
2577,158.1,0.0
2578,157.91,0.0
2579,157.76,0.0
2580,157.67,0.0
2581,157.88,0.0
2582,158.15,0.0
2583,157.93,0.0
2584,157.9,0.0
2585,157.93,0.0
2586,158.17,0.0
2587,158.29,0.0
2588,158.22,0.0
2589,158.34,0.0
2590,158.36,0.0
2591,158.55,0.0
2592,158.58,0.0
2593,158.38,0.0
2594,158.42,0.0
2595,158.37,0.0
2596,158.21,0.0
2597,158.39,0.0
2598,158.3,0.0
2599,158.63,0.0
2600,158.9,0.0
2601,159.01,0.0
2602,158.74,0.0
2603,158.85,0.0
2604,158.85,0.0
2605,159.04,0.0
2606,158.89,0.0
2607,158.95,0.0
2608,159.16,0.0
2609,159.11,0.0
2610,159.3,0.0
2611,159.12,0.0
2612,159.34,0.0
2613,159.4,0.0
2614,159.37,0.0
2615,159.69,0.0
2616,159.6,0.0
2617,159.5,0.0
2618,159.32,0.0
2619,159.41,0.0
2620,159.12,0.0
2621,159.09,0.0
2622,159.27,0.0
2623,159.4,0.0
2624,159.37,0.0
2625,158.98,0.0
2626,159.06,0.0
2627,159.19,0.0
2628,159.3,0.0
2629,159.61,0.0
2630,159.48,0.0
2631,159.3,0.0
2632,159.34,0.0
2633,159.29,0.0
2634,158.96,0.0
2635,158.98,0.0
2636,158.83,0.0
2637,158.8,0.0
2638,158.8,0.0
2639,158.85,0.0
2640,158.79,0.0
2641,158.93,0.0
2642,158.87,0.0
2643,158.56,0.0
2644,158.84,0.0
2645,158.72,0.0
2646,158.89,0.0
2647,159.03,0.0
2648,158.93,0.0
2649,158.96,0.0
2650,159.05,0.0
2651,158.89,0.0
2652,159.14,0.0
2653,159.2,0.0
2654,159.63,0.0
2655,159.69,0.0
2656,159.77,0.0
2657,160.0,0.0
2658,160.02,0.0
2659,159.96,0.0
2660,159.88,0.0
2661,159.75,0.0
2662,159.72,0.0
2663,159.33,0.0
2664,159.44,0.0
2665,159.49,0.0
2666,159.4,0.0
2667,159.29,0.0
2668,159.13,0.0
2669,159.31,0.0
2670,159.29,0.0
2671,159.1,0.0
2672,159.57,0.0
2673,159.46,0.0
2674,159.42,0.0
2675,159.64,0.0
2676,159.57,0.0
2677,159.53,0.0
2678,159.54,0.0
2679,159.67,0.0
2680,159.51,0.0
2681,159.94,0.0
2682,159.82,0.0
2683,159.61,0.0
2684,159.56,0.0
2685,160.11,0.0
2686,160.13,0.0
2687,160.21,0.0
2688,160.31,0.0
2689,160.43,0.0
2690,160.41,0.0
2691,160.28,0.0
2692,160.0,0.0
2693,160.16,0.0
2694,160.16,0.0
2695,160.27,0.0
2696,160.25,0.0
2697,160.34,0.0
2698,160.09,0.0
2699,160.16,0.0
2700,160.34,0.0
2701,160.38,0.0
2702,160.43,0.0
2703,160.38,0.0
2704,160.55,0.0
2705,160.53,0.0
2706,160.4,0.0
2707,160.13,0.0
2708,160.23,0.0
2709,160.06,0.0
2710,160.17,0.0
2711,159.67,0.0
2712,159.76,0.0
2713,159.56,0.0
2714,159.42,0.0
2715,159.1,0.0
2716,159.41,0.0
2717,159.29,0.0
2718,159.54,0.0
2719,159.61,0.0
2720,159.33,0.0
2721,159.05,0.0
2722,159.06,0.0
2723,159.01,0.0
2724,159.13,0.0
2725,159.12,0.0
2726,159.13,0.0
2727,158.91,0.0
2728,159.07,0.0
2729,158.88,0.0
2730,159.14,0.0
2731,158.97,0.0
2732,159.11,0.0
2733,158.89,0.0
2734,159.02,0.0
2735,159.22,0.0
2736,159.22,0.0
2737,158.83,0.0
2738,158.97,0.0
2739,158.98,0.0
2740,158.89,0.0
2741,158.97,0.0
2742,158.99,0.0
2743,158.82,0.0
2744,158.68,0.0
2745,158.8,0.0
2746,158.83,0.0
2747,159.01,0.0
2748,158.91,0.0
2749,158.98,0.0
2750,158.96,0.0
2751,158.95,0.0
2752,158.79,0.0
2753,158.88,0.0
2754,158.91,0.0
2755,159.05,0.0
2756,159.32,0.0
2757,159.38,0.0
2758,159.19,0.0
2759,158.79,0.0
2760,159.17,0.0
2761,159.11,0.0
2762,159.06,0.0
2763,158.91,0.0
2764,158.68,0.0
2765,158.85,0.0
2766,158.65,0.0
2767,158.74,0.0
2768,158.77,0.0
2769,158.58,0.0
2770,158.58,0.0
2771,158.59,0.0
2772,158.63,0.0
2773,158.64,0.0
2774,158.45,0.0
2775,158.08,0.0
2776,158.21,0.0
2777,158.27,0.0
2778,158.27,0.0
2779,158.0,0.0
2780,157.93,0.0
2781,158.08,0.0
2782,157.85,0.0
2783,157.9,0.0
2784,157.73,0.0
2785,157.63,0.0
2786,157.43,0.0
2787,157.54,0.0
2788,157.49,0.0
2789,157.63,0.0
2790,157.84,0.0
2791,157.78,0.0
2792,158.02,0.0
2793,158.26,0.0
2794,158.47,0.0
2795,158.26,0.0
2796,158.14,0.0
2797,158.17,0.0
2798,158.43,0.0
2799,158.73,0.0
2800,158.5,0.0
2801,158.64,0.0
2802,158.61,0.0
2803,158.61,0.0
2804,158.44,0.0
2805,158.47,0.0
2806,158.54,0.0
2807,158.46,0.0
2808,158.51,0.0
2809,158.68,0.0
2810,158.17,0.0
2811,158.14,0.0
2812,158.28,0.0
2813,158.41,0.0
2814,158.4,0.0
2815,158.57,0.0
2816,158.09,0.0
2817,158.23,0.0
2818,158.19,0.0
2819,158.31,0.0
2820,158.36,0.0
2821,158.03,0.0
2822,158.01,0.0
2823,157.42,0.0
2824,157.96,0.0
2825,157.89,0.0
2826,157.87,0.0
2827,157.54,0.0
2828,157.58,0.0
2829,157.49,0.0
2830,157.79,0.0
2831,157.46,0.0
2832,157.48,0.0
2833,157.29,0.0
2834,157.04,0.0
2835,157.2,0.0
2836,157.2,0.0
2837,157.26,0.0
2838,157.44,0.0
2839,157.07,0.0
2840,157.35,0.0
2841,157.36,0.0
2842,157.33,0.0
2843,157.28,0.0
2844,157.26,0.0
2845,157.38,0.0
2846,157.53,0.0
2847,157.52,0.0
2848,157.69,0.0
2849,157.78,0.0
2850,157.78,0.0
2851,157.93,0.0
2852,158.01,0.0
2853,158.14,0.0
2854,158.06,0.0
2855,158.18,0.0
2856,157.79,0.0
2857,157.99,0.0
2858,158.1,0.0
2859,158.04,0.0
2860,158.0,0.0
2861,158.01,0.0
2862,157.89,0.0
2863,158.2,0.0
2864,158.34,0.0
2865,158.25,0.0
2866,158.43,0.0
2867,158.51,0.0
2868,158.56,0.0
2869,158.49,0.0
2870,158.6,0.0
2871,158.67,0.0
2872,158.95,0.0
2873,158.82,0.0
2874,158.54,0.0
2875,158.61,0.0
2876,158.68,0.0
2877,158.79,0.0
2878,158.81,0.0
2879,158.98,0.0
2880,158.88,0.0
2881,159.29,0.0
2882,159.51,0.0
2883,159.24,0.0
2884,159.2,0.0
2885,158.76,0.0
2886,158.84,0.0
2887,158.98,0.0
2888,158.92,0.0
2889,159.26,0.0
2890,159.24,0.0
2891,159.17,0.0
2892,159.21,0.0
2893,159.11,0.0
2894,159.52,0.0
2895,159.65,0.0
2896,159.63,0.0
2897,159.86,0.0
2898,159.75,0.0
2899,159.75,0.0
2900,159.87,0.0
2901,159.71,0.0
2902,159.49,0.0
2903,159.81,0.0
2904,159.77,0.0
2905,160.16,0.0
2906,160.11,0.0
2907,160.1,0.0
2908,160.32,0.0
2909,159.99,0.0
2910,160.04,0.0
2911,159.97,0.0
2912,160.15,0.0
2913,159.94,0.0
2914,160.13,0.0
2915,159.92,0.0
2916,159.59,0.0
2917,159.51,0.0
2918,159.23,0.0
2919,159.57,0.0
2920,159.37,0.0
2921,159.57,0.0
2922,159.92,0.0
2923,160.06,0.0
2924,159.85,0.0
2925,159.91,0.0
2926,160.22,0.0
2927,160.11,0.0
2928,160.28,0.0
2929,160.41,0.0
2930,160.31,0.0
2931,160.33,0.0
2932,159.93,0.0
2933,160.05,0.0
2934,160.22,0.0
2935,160.63,0.0
2936,160.6,0.0
2937,160.36,0.0
2938,160.54,0.0
2939,160.76,0.0
2940,160.76,0.0
2941,160.55,0.0
2942,160.48,0.0
2943,160.27,0.0
2944,160.28,0.0
2945,160.31,0.0
2946,160.5,0.0
2947,160.44,0.0
2948,160.22,0.0
2949,160.34,0.0
2950,160.5,0.0
2951,160.64,0.0
2952,160.88,0.0
2953,160.48,0.0
2954,160.49,0.0
2955,160.7,0.0
2956,160.93,0.0
2957,160.94,0.0
2958,160.77,0.0
2959,160.58,0.0
2960,160.55,0.0
2961,160.27,0.0
2962,160.46,0.0
2963,160.73,0.0
2964,160.44,0.0
2965,160.56,0.0
2966,160.49,0.0
2967,160.02,0.0
2968,160.25,0.0
2969,160.33,0.0
2970,160.05,0.0
2971,160.27,0.0
2972,160.07,0.0
2973,160.19,0.0
2974,160.34,0.0
2975,160.56,0.0
2976,160.63,0.0
2977,160.83,0.0
2978,160.81,0.0
2979,161.09,0.0
2980,161.18,0.0
2981,161.23,0.0
2982,161.11,0.0
2983,161.17,0.0
2984,161.08,0.0
2985,161.26,0.0
2986,161.29,0.0
2987,161.38,0.0
2988,161.48,0.0
2989,161.51,0.0
2990,161.63,0.0
2991,161.6,0.0
2992,161.39,0.0
2993,161.21,0.0
2994,161.07,0.0
2995,160.87,0.0
2996,160.98,0.0
2997,160.99,0.0
2998,160.68,0.0
2999,160.8,0.0
3000,160.75,0.0
3001,160.93,0.0
3002,160.76,0.0
3003,160.78,0.0
3004,160.66,0.0
3005,160.74,0.0
3006,160.91,0.0
3007,160.93,0.0
3008,160.94,0.0
3009,160.91,0.0
3010,161.18,0.0
3011,161.12,0.0
3012,161.19,0.0
3013,160.99,0.0
3014,160.98,0.0
3015,161.06,0.0
3016,161.13,0.0
3017,160.75,0.0
3018,160.81,0.0
3019,160.82,0.0
3020,160.74,0.0
3021,160.8,0.0
3022,160.57,0.0
3023,161.09,0.0
3024,160.67,0.0
3025,160.84,0.0
3026,160.9,0.0
3027,160.88,0.0
3028,161.03,0.0
3029,161.13,0.0
3030,161.3,0.0
3031,161.45,0.0
3032,161.2,0.0
3033,161.15,0.0
3034,160.99,0.0
3035,160.82,0.0
3036,160.81,0.0
3037,160.55,0.0
3038,160.87,0.0
3039,160.96,0.0
3040,161.07,0.0
3041,161.01,0.0
3042,161.16,0.0
3043,161.11,0.0
3044,160.79,0.0
3045,160.91,0.0
3046,160.94,0.0
3047,160.98,0.0
3048,161.07,0.0
3049,161.18,0.0
3050,161.21,0.0
3051,161.21,0.0
3052,161.6,0.0
3053,161.72,0.0
3054,161.67,0.0
3055,161.79,0.0
3056,161.78,0.0
3057,161.58,0.0
3058,161.6,0.0
3059,161.58,0.0
3060,161.52,0.0
3061,161.34,0.0
3062,161.48,0.0
3063,161.18,0.0
3064,161.0,0.0
3065,161.04,0.0
3066,161.06,0.0
3067,161.34,0.0
3068,161.44,0.0
3069,161.83,0.0
3070,161.64,0.0
3071,162.13,0.0
3072,161.99,0.0
3073,161.74,0.0
3074,161.59,0.0
3075,161.42,0.0
3076,161.46,0.0
3077,161.81,0.0
3078,161.8,0.0
3079,161.74,0.0
3080,161.83,0.0
3081,161.78,0.0
3082,161.92,0.0
3083,161.79,0.0
3084,161.98,0.0
3085,162.12,0.0
3086,162.31,0.0
3087,162.17,0.0
3088,162.35,0.0
3089,162.42,0.0
3090,162.41,0.0
3091,162.19,0.0
3092,162.02,0.0
3093,162.34,0.0
3094,162.59,0.0
3095,162.29,0.0
3096,162.74,0.0
3097,162.68,0.0
3098,162.74,0.0
3099,162.62,0.0
3100,162.52,0.0
3101,162.73,0.0
3102,162.63,0.0
3103,162.36,0.0
3104,162.39,0.0
3105,162.74,0.0
3106,163.04,0.0
3107,163.02,0.0
3108,162.83,0.0
3109,162.83,0.0
3110,163.07,0.0
3111,162.93,0.0
3112,163.21,0.0
3113,163.03,0.0
3114,163.0,0.0
3115,162.99,0.0
3116,163.17,0.0
3117,163.17,0.0
3118,163.33,0.0
3119,163.24,0.0
3120,163.11,0.0
3121,163.09,0.0
3122,163.26,0.0
3123,163.12,0.0
3124,163.03,0.0
3125,163.32,0.0
3126,163.56,0.0
3127,163.79,0.0
3128,163.73,0.0
3129,163.48,0.0
3130,163.44,0.0
3131,163.47,0.0
3132,163.5,0.0
3133,163.8,0.0
3134,163.79,0.0
3135,163.67,0.0
3136,163.62,0.0
3137,163.6,0.0
3138,163.44,0.0
3139,163.75,0.0
3140,163.64,0.0
3141,163.65,0.0
3142,163.56,0.0
3143,163.47,0.0
3144,163.44,0.0
3145,163.56,0.0
3146,163.54,0.0
3147,163.62,0.0
3148,163.66,0.0
3149,163.48,0.0
3150,163.38,0.0
3151,163.16,0.0
3152,163.38,0.0
3153,163.19,0.0
3154,162.95,0.0
3155,163.09,0.0
3156,163.4,0.0
3157,163.63,0.0
3158,163.46,0.0
3159,163.45,0.0
3160,163.56,0.0
3161,163.3,0.0
3162,163.49,0.0
3163,163.42,0.0
3164,163.67,0.0
3165,163.63,0.0
3166,163.81,0.0
3167,163.75,0.0
3168,163.75,0.0
3169,163.75,0.0
3170,163.94,0.0
3171,163.84,0.0
3172,163.87,0.0
3173,163.86,0.0
3174,163.83,0.0
3175,163.99,0.0
3176,163.99,0.0
3177,164.21,0.0
3178,164.25,0.0
3179,164.45,0.0
3180,164.27,0.0
3181,164.17,0.0
3182,164.0,0.0
3183,164.12,0.0
3184,164.12,0.0
3185,164.47,0.0
3186,164.54,0.0
3187,164.41,0.0
3188,164.65,0.0
3189,164.49,0.0
3190,164.43,0.0
3191,164.67,0.0
3192,164.59,0.0
3193,164.79,0.0
3194,164.41,0.0
3195,164.51,0.0
3196,164.4,0.0
3197,163.88,0.0
3198,163.99,0.0
3199,164.28,0.0
3200,164.02,0.0
3201,164.09,0.0
3202,164.07,0.0
3203,164.08,0.0
3204,164.19,0.0
3205,164.33,0.0
3206,163.95,0.0
3207,164.15,0.0
3208,163.93,0.0
3209,163.91,0.0
3210,164.04,0.0
3211,164.21,0.0
3212,164.19,0.0
3213,164.03,0.0
3214,164.03,0.0
3215,163.89,0.0
3216,163.83,0.0
3217,163.99,0.0
3218,164.17,0.0
3219,164.01,0.0
3220,163.98,0.0
3221,163.75,0.0
3222,163.7,0.0
3223,163.83,0.0
3224,163.63,0.0
3225,163.79,0.0
3226,164.02,0.0
3227,164.0,0.0
3228,164.05,0.0
3229,163.98,0.0
3230,163.79,0.0
3231,164.19,0.0
3232,164.36,0.0
3233,164.4,0.0
3234,164.54,0.0
3235,164.33,0.0
3236,164.41,0.0
3237,164.14,0.0
3238,163.93,0.0
3239,163.94,0.0
3240,163.88,0.0
3241,163.67,0.0
3242,164.1,0.0
3243,164.23,0.0
3244,164.26,0.0
3245,164.33,0.0
3246,164.07,0.0
3247,163.9,0.0
3248,164.01,0.0
3249,164.15,0.0
3250,163.95,0.0
3251,163.92,0.0
3252,163.93,0.0
3253,163.99,0.0
3254,163.98,0.0
3255,164.24,0.0
3256,164.62,0.0
3257,164.63,0.0
3258,164.7,0.0
3259,164.85,0.0
3260,165.11,0.0
3261,165.01,0.0
3262,164.73,0.0
3263,164.56,0.0
3264,164.8,0.0
3265,164.68,0.0
3266,164.5,0.0
3267,164.54,0.0
3268,164.26,0.0
3269,164.16,0.0
3270,164.21,0.0
3271,163.92,0.0
3272,164.31,0.0
3273,164.39,0.0
3274,164.47,0.0
3275,164.6,0.0
3276,164.52,0.0
3277,164.39,0.0
3278,164.52,0.0
3279,164.64,0.0
3280,164.51,0.0
3281,164.62,0.0
3282,164.25,0.0
3283,164.51,0.0
3284,164.39,0.0
3285,164.39,0.0
3286,163.95,0.0
3287,163.72,0.0
3288,163.77,0.0
3289,164.03,0.0
3290,164.01,0.0
3291,163.69,0.0
3292,163.93,0.0
3293,163.9,0.0
3294,163.75,0.0
3295,164.01,0.0
3296,164.26,0.0
3297,163.77,0.0
3298,164.0,0.0
3299,163.66,0.0
3300,163.64,0.0
3301,163.76,0.0
3302,163.62,0.0
3303,163.76,0.0
3304,163.91,0.0
3305,163.8,0.0
3306,164.04,0.0
3307,164.17,0.0
3308,163.98,0.0
3309,164.18,0.0
3310,164.13,0.0
3311,164.26,0.0
3312,164.0,0.0
3313,163.76,0.0
3314,163.88,0.0
3315,163.77,0.0
3316,163.83,0.0
3317,163.66,0.0
3318,163.28,0.0
3319,163.55,0.0
3320,163.4,0.0
3321,163.77,0.0
3322,163.39,0.0
3323,163.84,0.0
3324,163.55,0.0
3325,163.72,0.0
3326,163.7,0.0
3327,163.59,0.0
3328,163.32,0.0
3329,163.3,0.0
3330,162.99,0.0
3331,163.17,0.0
3332,163.01,0.0
3333,162.64,0.0
3334,162.74,0.0
3335,162.71,0.0
3336,162.64,0.0
3337,162.6,0.0
3338,162.83,0.0
3339,162.84,0.0
3340,162.86,0.0
3341,162.79,0.0
3342,162.7,0.0
3343,162.99,0.0
3344,162.63,0.0
3345,162.97,0.0
3346,163.08,0.0
3347,163.26,0.0
3348,163.58,0.0
3349,163.5,0.0
3350,163.15,0.0
3351,163.33,0.0
3352,163.46,0.0
3353,163.4,0.0
3354,163.44,0.0
3355,163.59,0.0
3356,163.66,0.0
3357,163.66,0.0
3358,163.34,0.0
3359,163.38,0.0
3360,163.37,0.0
3361,163.41,0.0
3362,163.76,0.0
3363,163.84,0.0
3364,163.69,0.0
3365,163.94,0.0
3366,164.18,0.0
3367,164.2,0.0
3368,164.2,0.0
3369,164.12,0.0
3370,164.15,0.0
3371,164.0,0.0
3372,164.1,0.0
3373,164.04,0.0
3374,164.16,0.0
3375,164.34,0.0
3376,164.35,0.0
3377,164.34,0.0
3378,164.3,0.0
3379,164.46,0.0
3380,164.62,0.0
3381,164.64,0.0
3382,164.33,0.0
3383,164.45,0.0
3384,164.66,0.0
3385,164.64,0.0
3386,164.49,0.0
3387,164.56,0.0
3388,164.62,0.0
3389,164.36,0.0
3390,164.45,0.0
3391,164.5,0.0
3392,164.47,0.0
3393,164.57,0.0
3394,164.5,0.0
3395,164.46,0.0
3396,164.65,0.0
3397,164.64,0.0
3398,164.79,0.0
3399,164.43,0.0
3400,164.54,0.0
3401,164.41,0.0
3402,164.49,0.0
3403,164.43,0.0
3404,164.6,0.0
3405,164.76,0.0
3406,164.6,0.0
3407,164.67,0.0
3408,164.61,0.0
3409,164.53,0.0
3410,164.76,0.0
3411,164.8,0.0
3412,164.7,0.0
3413,164.98,0.0
3414,165.0,0.0
3415,164.8,0.0
3416,164.87,0.0
3417,165.05,0.0
3418,164.96,0.0
3419,164.74,0.0
3420,164.93,0.0
3421,165.41,0.0
3422,165.24,0.0
3423,165.13,0.0
3424,165.1,0.0
3425,165.45,0.0
3426,165.31,0.0
3427,165.3,0.0
3428,165.23,0.0
3429,165.21,0.0
3430,165.24,0.0
3431,165.41,0.0
3432,165.4,0.0
3433,165.36,0.0
3434,165.57,0.0
3435,165.47,0.0
3436,165.45,0.0
3437,165.15,0.0
3438,165.37,0.0
3439,164.98,0.0
3440,165.14,0.0
3441,165.24,0.0
3442,165.1,0.0
3443,164.99,0.0
3444,165.24,0.0
3445,164.94,0.0
3446,164.81,0.0
3447,164.63,0.0
3448,164.65,0.0
3449,164.66,0.0
3450,164.73,0.0
3451,164.74,0.0
3452,164.87,0.0
3453,164.89,0.0
3454,165.38,0.0
3455,165.17,0.0
3456,165.33,0.0
3457,165.82,0.0
3458,165.49,0.0
3459,165.52,0.0
3460,165.57,0.0
3461,165.64,0.0
3462,165.66,0.0
3463,165.65,0.0
3464,165.62,0.0
3465,165.76,0.0
3466,165.71,0.0
3467,165.54,0.0
3468,165.72,0.0
3469,165.75,0.0
3470,165.84,0.0
3471,165.75,0.0
3472,166.09,0.0
3473,165.81,0.0
3474,166.07,0.0
3475,166.05,0.0
3476,165.94,0.0
3477,165.82,0.0
3478,166.02,0.0
3479,165.79,0.0
3480,166.13,0.0
3481,166.14,0.0
3482,166.29,0.0
3483,166.16,0.0
3484,166.09,0.0
3485,166.04,0.0
3486,166.04,0.0
3487,166.0,0.0
3488,166.03,0.0
3489,165.88,0.0
3490,166.19,0.0
3491,166.21,0.0
3492,166.09,0.0
3493,165.75,0.0
3494,165.86,0.0
3495,165.97,0.0
3496,165.8,0.0
3497,166.02,0.0
3498,166.18,0.0
3499,166.44,0.0
3500,166.36,0.0
3501,166.43,0.0
3502,166.33,0.0
3503,166.07,0.0
3504,166.38,0.0
3505,166.39,0.0
3506,166.0,0.0
3507,166.23,0.0
3508,166.11,0.0
3509,165.98,0.0
3510,166.27,0.0
3511,166.58,0.0
3512,166.85,0.0
3513,166.75,0.0
3514,166.81,0.0
3515,166.86,0.0
3516,166.87,0.0
3517,167.11,0.0
3518,167.1,0.0
3519,167.28,0.0
3520,167.22,0.0
3521,167.1,0.0
3522,167.05,0.0
3523,166.8,0.0
3524,167.16,0.0
3525,167.39,0.0
3526,167.31,0.0
3527,167.34,0.0
3528,167.32,0.0
3529,167.14,0.0
3530,167.11,0.0
3531,167.13,0.0
3532,167.42,0.0
3533,167.43,0.0
3534,167.38,0.0
3535,167.23,0.0
3536,167.15,0.0
3537,167.27,0.0
3538,167.17,0.0
3539,167.16,0.0
3540,166.94,0.0
3541,167.17,0.0
3542,167.26,0.0
3543,167.41,0.0
3544,167.55,0.0
3545,167.53,0.0
3546,167.43,0.0
3547,167.46,0.0
3548,167.34,0.0
3549,167.27,0.0
3550,167.3,0.0
3551,167.26,0.0
3552,167.3,0.0
3553,167.04,0.0
3554,166.84,0.0
3555,166.55,0.0
3556,166.29,0.0
3557,166.41,0.0
3558,166.37,0.0
3559,166.5,0.0
3560,166.54,0.0
3561,166.59,0.0
3562,166.76,0.0
3563,166.56,0.0
3564,166.67,0.0
3565,166.67,0.0
3566,166.67,0.0
3567,166.71,0.0
3568,166.75,0.0
3569,167.0,0.0
3570,166.81,0.0
3571,166.71,0.0
3572,166.73,0.0
3573,166.73,0.0
3574,166.49,0.0
3575,166.61,0.0
3576,166.75,0.0
3577,166.78,0.0
3578,166.76,0.0
3579,166.89,0.0
3580,167.01,0.0
3581,167.07,0.0
3582,167.17,0.0
3583,167.23,0.0
3584,167.46,0.0
3585,167.35,0.0
3586,167.14,0.0
3587,167.32,0.0
3588,167.21,0.0
3589,167.17,0.0
3590,167.15,0.0
3591,167.12,0.0
3592,166.91,0.0
3593,167.27,0.0
3594,167.43,0.0
3595,167.7,0.0
3596,167.56,0.0
3597,167.41,0.0
3598,167.48,0.0
3599,167.38,0.0
3600,167.13,0.0
3601,167.38,0.0
3602,167.61,0.0
3603,167.65,0.0
3604,167.67,0.0
3605,167.94,0.0
3606,167.87,0.0
3607,167.84,0.0
3608,167.64,0.0
3609,167.83,0.0
3610,167.69,0.0
3611,167.54,0.0
3612,167.57,0.0
3613,167.54,0.0
3614,167.45,0.0
3615,167.89,0.0
3616,167.57,0.0
3617,167.57,0.0
3618,167.47,0.0
3619,167.66,0.0
3620,167.31,0.0
3621,167.37,0.0
3622,167.15,0.0
3623,167.27,0.0
3624,167.3,0.0
3625,167.28,0.0
3626,167.7,0.0
3627,167.64,0.0
3628,167.65,0.0
3629,167.29,0.0
3630,167.46,0.0
3631,167.35,0.0
3632,167.4,0.0
3633,167.45,0.0
3634,167.31,0.0
3635,167.23,0.0
3636,167.34,0.0
3637,167.21,0.0
3638,167.3,0.0
3639,167.1,0.0
3640,167.12,0.0
3641,166.77,0.0
3642,166.75,0.0
3643,166.69,0.0
3644,166.53,0.0
3645,166.6,0.0
3646,166.59,0.0
3647,166.67,0.0
3648,166.63,0.0
3649,166.59,0.0
3650,166.47,0.0
3651,166.54,0.0
3652,166.41,0.0
3653,166.3,0.0
3654,166.49,0.0
3655,166.27,0.0
3656,166.34,0.0
3657,166.32,0.0
3658,166.61,0.0
3659,166.88,0.0
3660,167.07,0.0
3661,167.01,0.0
3662,167.12,0.0
3663,167.04,0.0
3664,166.84,0.0
3665,166.88,0.0
3666,167.05,0.0
3667,167.06,0.0
3668,166.91,0.0
3669,166.92,0.0
3670,166.93,0.0
3671,166.69,0.0
3672,166.66,0.0
3673,166.68,0.0
3674,166.79,0.0
3675,166.71,0.0
3676,166.66,0.0
3677,166.79,0.0
3678,166.68,0.0
3679,166.76,0.0
3680,166.53,0.0
3681,166.25,0.0
3682,166.38,0.0
3683,166.34,0.0
3684,166.34,0.0
3685,166.25,0.0
3686,165.98,0.0
3687,165.91,0.0
3688,165.87,0.0
3689,165.97,0.0
3690,166.0,0.0
3691,166.01,0.0
3692,166.19,0.0
3693,166.2,0.0
3694,165.98,0.0
3695,166.17,0.0
3696,166.07,0.0
3697,166.3,0.0
3698,166.18,0.0
3699,166.1,0.0
3700,165.99,0.0
3701,166.16,0.0
3702,166.2,0.0
3703,166.22,0.0
3704,166.06,0.0
3705,166.27,0.0
3706,166.43,0.0
3707,166.39,0.0
3708,166.37,0.0
3709,166.25,0.0
3710,166.33,0.0
3711,166.3,0.0
3712,166.36,0.0
3713,166.46,0.0
3714,166.47,0.0
3715,166.17,0.0
3716,166.15,0.0
3717,166.46,0.0
3718,166.64,0.0
3719,166.59,0.0
3720,166.32,0.0
3721,166.28,0.0
3722,166.46,0.0
3723,166.36,0.0
3724,166.37,0.0
3725,166.21,0.0
3726,166.22,0.0
3727,166.22,0.0
3728,165.98,0.0
3729,165.71,0.0
3730,165.62,0.0
3731,166.13,0.0
3732,165.88,0.0
3733,165.63,0.0
3734,165.52,0.0
3735,165.58,0.0
3736,165.7,0.0
3737,165.7,0.0
3738,165.84,0.0
3739,165.8,0.0
3740,165.85,0.0
3741,165.78,0.0
3742,165.94,0.0
3743,165.87,0.0
3744,165.88,0.0
3745,166.11,0.0
3746,165.99,0.0
3747,166.07,0.0
3748,166.37,0.0
3749,166.27,0.0
3750,166.38,0.0
3751,166.41,0.0
3752,166.13,0.0
3753,166.03,0.0
3754,166.03,0.0
3755,166.05,0.0
3756,166.19,0.0
3757,166.15,0.0
3758,166.05,0.0
3759,166.02,0.0
3760,166.18,0.0
3761,166.11,0.0
3762,166.01,0.0
3763,165.92,0.0
3764,165.99,0.0
3765,166.05,0.0
3766,165.93,0.0
3767,166.22,0.0
3768,166.29,0.0
3769,166.22,0.0
3770,166.11,0.0
3771,166.23,0.0
3772,166.42,0.0
3773,166.27,0.0
3774,166.38,0.0
3775,166.25,0.0
3776,166.45,0.0
3777,166.48,0.0
3778,166.61,0.0
3779,166.26,0.0
3780,166.22,0.0
3781,166.04,0.0
3782,166.33,0.0
3783,166.53,0.0
3784,166.34,0.0
3785,166.51,0.0
3786,166.63,0.0
3787,166.56,0.0
3788,166.65,0.0
3789,166.71,0.0
3790,166.85,0.0
3791,166.48,0.0
3792,166.62,0.0
3793,166.5,0.0
3794,166.36,0.0
3795,166.52,0.0
3796,166.55,0.0
3797,166.63,0.0
3798,166.78,0.0
3799,166.49,0.0
3800,166.36,0.0
3801,166.47,0.0
3802,166.73,0.0
3803,166.89,0.0
3804,167.08,0.0
3805,166.88,0.0
3806,167.05,0.0
3807,167.26,0.0
3808,167.16,0.0
3809,167.0,0.0
3810,167.27,0.0
3811,167.16,0.0
3812,167.2,0.0
3813,166.89,0.0
3814,166.73,0.0
3815,166.81,0.0
3816,166.91,0.0
3817,166.73,0.0
3818,166.56,0.0
3819,166.17,0.0
3820,166.24,0.0
3821,166.13,0.0
3822,166.16,0.0
3823,166.1,0.0
3824,165.87,0.0
3825,165.85,0.0
3826,166.02,0.0
3827,165.83,0.0
3828,165.86,0.0
3829,166.18,0.0
3830,166.07,0.0
3831,166.27,0.0
3832,166.32,0.0
3833,166.17,0.0
3834,166.4,0.0
3835,166.44,0.0
3836,166.3,0.0
3837,166.27,0.0
3838,166.25,0.0
3839,166.35,0.0
3840,166.12,0.0
3841,166.42,0.0
3842,165.88,0.0
3843,166.11,0.0
3844,166.1,0.0
3845,165.89,0.0
3846,165.82,0.0
3847,166.04,0.0
3848,166.04,0.0
3849,165.83,0.0
3850,165.72,0.0
3851,165.78,0.0
3852,165.92,0.0
3853,165.89,0.0
3854,166.04,0.0
3855,165.98,0.0
3856,165.92,0.0
3857,165.76,0.0
3858,165.89,0.0
3859,166.14,0.0
3860,166.04,0.0
3861,165.68,0.0
3862,166.01,0.0
3863,165.97,0.0
3864,165.98,0.0
3865,166.23,0.0
3866,166.28,0.0
3867,166.1,0.0
3868,166.26,0.0
3869,166.35,0.0
3870,166.29,0.0
3871,166.24,0.0
3872,166.35,0.0
3873,165.91,0.0
3874,166.13,0.0
3875,165.95,0.0
3876,165.67,0.0
3877,165.55,0.0
3878,165.67,0.0
3879,165.81,0.0
3880,165.97,0.0
3881,166.07,0.0
3882,166.06,0.0
3883,166.24,0.0
3884,166.54,0.0
3885,166.73,0.0
3886,166.59,0.0
3887,166.67,0.0
3888,166.7,0.0
3889,166.56,0.0
3890,166.37,0.0
3891,166.27,0.0
3892,166.18,0.0
3893,166.55,0.0
3894,166.59,0.0
3895,166.29,0.0
3896,166.13,0.0
3897,166.41,0.0
3898,166.35,0.0
3899,166.62,0.0
3900,166.35,0.0
3901,166.2,0.0
3902,166.03,0.0
3903,165.96,0.0
3904,165.91,0.0
3905,165.9,0.0
3906,165.81,0.0
3907,165.82,0.0
3908,165.93,0.0
3909,165.7,0.0
3910,165.52,0.0
3911,165.51,0.0
3912,165.6,0.0
3913,165.29,0.0
3914,165.3,0.0
3915,165.14,0.0
3916,165.15,0.0
3917,165.04,0.0
3918,165.1,0.0
3919,164.99,0.0
3920,165.11,0.0
3921,165.02,0.0
3922,164.98,0.0
3923,165.05,0.0
3924,164.83,0.0
3925,164.96,0.0
3926,164.91,0.0
3927,165.04,0.0
3928,165.07,0.0
3929,165.02,0.0
3930,164.81,0.0
3931,164.84,0.0
3932,164.9,0.0
3933,164.55,0.0
3934,164.46,0.0
3935,164.75,0.0
3936,164.73,0.0
3937,164.66,0.0
3938,164.72,0.0
3939,164.64,0.0
3940,164.38,0.0
3941,164.25,0.0
3942,164.06,0.0
3943,164.09,0.0
3944,164.04,0.0
3945,164.09,0.0
3946,164.04,0.0
3947,164.12,0.0
3948,164.24,0.0
3949,164.37,0.0
3950,164.41,0.0
3951,164.56,0.0
3952,164.36,0.0
3953,164.48,0.0
3954,164.73,0.0
3955,164.57,0.0
3956,164.48,0.0
3957,164.76,0.0
3958,164.65,0.0
3959,164.66,0.0
3960,164.87,0.0
3961,165.1,0.0
3962,165.25,0.0
3963,165.29,0.0
3964,165.28,0.0
3965,165.56,0.0
3966,165.52,0.0
3967,165.79,0.0
3968,165.82,0.0
3969,165.78,0.0
3970,165.65,0.0
3971,165.56,0.0
3972,165.33,0.0
3973,165.38,0.0
3974,165.54,0.0
3975,165.57,0.0
3976,165.64,0.0
3977,165.75,0.0
3978,165.83,0.0
3979,165.84,0.0
3980,165.82,0.0
3981,165.87,0.0
3982,165.96,0.0
3983,166.11,0.0
3984,165.93,0.0
3985,166.12,0.0
3986,166.36,0.0
3987,166.38,0.0
3988,166.56,0.0
3989,166.59,0.0
3990,166.37,0.0
3991,166.52,0.0
3992,166.61,0.0
3993,166.51,0.0
3994,166.44,0.0
3995,166.45,0.0
3996,166.18,0.0
3997,166.63,0.0
3998,166.65,0.0
3999,166.64,0.0
4000,166.55,0.0
4001,166.5,0.0
4002,166.46,0.0
4003,166.49,0.0
4004,166.57,0.0
4005,166.65,0.0
4006,166.72,0.0
4007,166.83,0.0
4008,166.89,0.0
4009,166.98,0.0
4010,166.52,0.0
4011,166.24,0.0
4012,166.26,0.0
4013,166.27,0.0
4014,166.48,0.0
4015,166.24,0.0
4016,166.29,0.0
4017,166.18,0.0
4018,166.24,0.0
4019,166.18,0.0
4020,166.49,0.0
4021,166.58,0.0
4022,166.62,0.0
4023,166.79,0.0
4024,166.84,0.0
4025,166.93,0.0
4026,167.17,0.0
4027,167.25,0.0
4028,167.32,0.0
4029,167.18,0.0
4030,167.13,0.0
4031,167.11,0.0
4032,167.06,0.0
4033,166.98,0.0
4034,166.97,0.0
4035,166.9,0.0
4036,166.8,0.0
4037,167.15,0.0
4038,167.18,0.0
4039,167.22,0.0
4040,167.06,0.0
4041,167.14,0.0
4042,166.88,0.0
4043,166.91,0.0
4044,166.99,0.0
4045,166.9,0.0
4046,167.06,0.0
4047,167.01,0.0
4048,166.85,0.0
4049,167.0,0.0
4050,166.89,0.0
4051,166.83,0.0
4052,166.71,0.0
4053,166.71,0.0
4054,166.66,0.0
4055,166.72,0.0
4056,166.59,0.0
4057,166.62,0.0
4058,166.72,0.0
4059,166.64,0.0
4060,166.93,0.0
4061,166.68,0.0
4062,166.56,0.0
4063,166.84,0.0
4064,166.65,0.0
4065,166.73,0.0
4066,166.51,0.0
4067,166.65,0.0
4068,166.61,0.0
4069,166.46,0.0
4070,166.71,0.0
4071,166.7,0.0
4072,166.69,0.0
4073,166.6,0.0
4074,166.83,0.0
4075,166.89,0.0
4076,166.81,0.0
4077,167.0,0.0
4078,166.95,0.0
4079,167.15,0.0
4080,167.12,0.0
4081,167.03,0.0
4082,167.31,0.0
4083,167.35,0.0
4084,167.32,0.0
4085,167.55,0.0
4086,167.64,0.0
4087,167.57,0.0
4088,167.41,0.0
4089,167.56,0.0
4090,167.57,0.0
4091,167.76,0.0
4092,167.51,0.0
4093,167.68,0.0
4094,167.77,0.0
4095,167.74,0.0
4096,167.62,0.0
4097,167.65,0.0
4098,167.41,0.0
4099,167.31,0.0
4100,167.3,0.0
4101,167.31,0.0
4102,167.59,0.0
4103,167.65,0.0
4104,167.91,0.0
4105,167.7,0.0
4106,167.5,0.0
4107,167.39,0.0
4108,167.34,0.0
4109,167.24,0.0
4110,167.21,0.0
4111,167.35,0.0
4112,167.23,0.0
4113,167.26,0.0
4114,167.46,0.0
4115,167.65,0.0
4116,167.49,0.0
4117,167.46,0.0
4118,167.3,0.0
4119,167.4,0.0
4120,167.16,0.0
4121,167.41,0.0
4122,167.45,0.0
4123,167.52,0.0
4124,167.6,0.0
4125,167.63,0.0
4126,167.68,0.0
4127,167.65,0.0
4128,167.67,0.0
4129,167.88,0.0
4130,167.88,0.0
4131,167.9,0.0
4132,167.87,0.0
4133,167.99,0.0
4134,168.04,0.0
4135,168.09,0.0
4136,168.01,0.0
4137,168.1,0.0
4138,168.02,0.0
4139,168.23,0.0
4140,168.17,0.0
4141,168.22,0.0
4142,168.22,0.0
4143,168.02,0.0
4144,168.01,0.0
4145,167.95,0.0
4146,168.06,0.0
4147,167.87,0.0
4148,168.07,0.0
4149,168.15,0.0
4150,168.2,0.0
4151,168.24,0.0
4152,167.96,0.0
4153,168.16,0.0
4154,168.1,0.0
4155,168.27,0.0
4156,168.36,0.0
4157,168.38,0.0
4158,168.33,0.0
4159,168.41,0.0
4160,168.53,0.0
4161,168.59,0.0
4162,168.54,0.0
4163,168.76,0.0
4164,168.85,0.0
4165,168.92,0.0
4166,168.79,0.0
4167,168.84,0.0
4168,168.92,0.0
4169,168.79,0.0
4170,168.68,0.0
4171,168.55,0.0
4172,168.23,0.0
4173,168.34,0.0
4174,168.27,0.0
4175,168.49,0.0
4176,168.6,0.0
4177,168.41,0.0
4178,168.13,0.0
4179,168.43,0.0
4180,168.32,0.0
4181,168.46,0.0
4182,168.5,0.0
4183,168.59,0.0
4184,168.54,0.0
4185,168.95,0.0
4186,168.79,0.0
4187,168.69,0.0
4188,168.51,0.0
4189,168.45,0.0
4190,168.37,0.0
4191,168.28,0.0
4192,168.21,0.0
4193,168.41,0.0
4194,168.36,0.0
4195,168.14,0.0
4196,168.07,0.0
4197,168.24,0.0
4198,168.16,0.0
4199,167.93,0.0
4200,167.72,0.0
4201,167.72,0.0
4202,167.71,0.0
4203,167.7,0.0
4204,167.81,0.0
4205,168.07,0.0
4206,167.92,0.0
4207,167.91,0.0
4208,167.99,0.0
4209,167.79,0.0
4210,168.15,0.0
4211,168.02,0.0
4212,167.75,0.0
4213,167.71,0.0
4214,167.85,0.0
4215,167.98,0.0
4216,167.79,0.0
4217,167.94,0.0
4218,167.79,0.0
4219,167.71,0.0
4220,167.73,0.0
4221,168.02,0.0
4222,168.35,0.0
4223,168.02,0.0
4224,167.89,0.0
4225,167.87,0.0
4226,167.99,0.0
4227,168.11,0.0
4228,168.2,0.0
4229,168.07,0.0
4230,168.39,0.0
4231,168.37,0.0
4232,168.53,0.0
4233,168.47,0.0
4234,168.35,0.0
4235,168.58,0.0
4236,168.51,0.0
4237,168.72,0.0
4238,168.61,0.0
4239,168.82,0.0
4240,168.55,0.0
4241,168.53,0.0
4242,168.45,0.0
4243,168.71,0.0
4244,168.89,0.0
4245,168.93,0.0
4246,169.02,0.0
4247,168.93,0.0
4248,168.98,0.0
4249,169.06,0.0
4250,168.96,0.0
4251,168.77,0.0
4252,168.78,0.0
4253,168.58,0.0
4254,168.63,0.0
4255,168.46,0.0
4256,168.71,0.0
4257,168.89,0.0
4258,168.94,0.0
4259,168.87,0.0
4260,168.82,0.0
4261,169.11,0.0
4262,168.86,0.0
4263,168.92,0.0
4264,168.88,0.0
4265,168.84,0.0
4266,168.92,0.0
4267,168.91,0.0
4268,168.85,0.0
4269,168.73,0.0
4270,169.02,0.0
4271,168.75,0.0
4272,168.42,0.0
4273,168.41,0.0
4274,168.84,0.0
4275,168.7,0.0
4276,169.31,0.0
4277,169.21,0.0
4278,169.16,0.0
4279,169.37,0.0
4280,169.24,0.0
4281,169.41,0.0
4282,169.56,0.0
4283,169.41,0.0
4284,169.28,0.0
4285,168.89,0.0
4286,168.8,0.0
4287,168.84,0.0
4288,168.54,0.0
4289,168.43,0.0
4290,168.41,0.0
4291,168.29,0.0
4292,168.79,0.0
4293,168.56,0.0
4294,168.77,0.0
4295,168.74,0.0
4296,168.83,0.0
4297,168.88,0.0
4298,168.96,0.0
4299,168.99,0.0
4300,168.84,0.0
4301,168.86,0.0
4302,168.75,0.0
4303,168.74,0.0
4304,168.62,0.0
4305,168.77,0.0
4306,168.84,0.0
4307,168.61,0.0
4308,168.54,0.0
4309,168.64,0.0
4310,168.29,0.0
4311,168.36,0.0
4312,168.36,0.0
4313,167.98,0.0
4314,168.05,0.0
4315,168.0,0.0
4316,167.77,0.0
4317,167.96,0.0
4318,167.64,0.0
4319,167.79,0.0
4320,167.46,0.0
4321,167.66,0.0
4322,167.52,0.0
4323,167.54,0.0
4324,167.96,0.0
4325,167.8,0.0
4326,167.6,0.0
4327,167.68,0.0
4328,167.67,0.0
4329,167.59,0.0
4330,167.44,0.0
4331,167.52,0.0
4332,167.55,0.0
4333,167.36,0.0
4334,167.31,0.0
4335,167.37,0.0
4336,167.25,0.0
4337,167.33,0.0
4338,167.23,0.0
4339,167.38,0.0
4340,167.51,0.0
4341,167.34,0.0
4342,167.19,0.0
4343,167.44,0.0
4344,167.76,0.0
4345,167.69,0.0
4346,167.61,0.0
4347,167.58,0.0
4348,167.74,0.0
4349,167.42,0.0
4350,167.57,0.0
4351,167.59,0.0
4352,167.21,0.0
4353,167.33,0.0
4354,167.26,0.0
4355,167.53,0.0
4356,167.68,0.0
4357,167.54,0.0
4358,167.63,0.0
4359,167.52,0.0
4360,167.65,0.0
4361,167.52,0.0
4362,167.31,0.0
4363,167.16,0.0
4364,167.47,0.0
4365,167.38,0.0
4366,167.42,0.0
4367,167.38,0.0
4368,167.16,0.0
4369,166.99,0.0
4370,167.15,0.0
4371,167.2,0.0
4372,166.78,0.0
4373,166.87,0.0
4374,166.6,0.0
4375,166.57,0.0
4376,166.4,0.0
4377,166.47,0.0
4378,166.72,0.0
4379,166.71,0.0
4380,166.89,0.0
4381,166.95,0.0
4382,167.25,0.0
4383,167.24,0.0
4384,167.28,0.0
4385,167.42,0.0
4386,167.68,0.0
4387,167.53,0.0
4388,167.41,0.0
4389,167.68,0.0
4390,167.67,0.0
4391,167.6,0.0
4392,167.6,0.0
4393,167.54,0.0
4394,168.0,0.0
4395,167.97,0.0
4396,167.74,0.0
4397,167.7,0.0
4398,167.9,0.0
4399,167.9,0.0
4400,167.88,0.0
4401,167.81,0.0
4402,167.85,0.0
4403,168.05,0.0
4404,168.2,0.0
4405,168.47,0.0
4406,168.51,0.0
4407,168.74,0.0
4408,168.71,0.0
4409,168.86,0.0
4410,168.82,0.0
4411,168.93,0.0
4412,168.57,0.0
4413,168.63,0.0
4414,168.69,0.0
4415,168.95,0.0
4416,168.77,0.0
4417,168.85,0.0
4418,168.83,0.0
4419,168.9,0.0
4420,168.78,0.0
4421,169.0,0.0
4422,169.08,0.0
4423,168.89,0.0
4424,169.06,0.0
4425,169.22,0.0
4426,169.61,0.0
4427,169.56,0.0
4428,169.45,0.0
4429,169.5,0.0
4430,169.72,0.0
4431,169.64,0.0
4432,169.65,0.0
4433,169.93,0.0
4434,169.85,0.0
4435,169.66,0.0
4436,169.79,0.0
4437,169.73,0.0
4438,169.99,0.0
4439,169.81,0.0
4440,169.58,0.0
4441,169.45,0.0
4442,169.46,0.0
4443,169.5,0.0
4444,169.58,0.0
4445,169.5,0.0
4446,169.78,0.0
4447,169.63,0.0
4448,169.73,0.0
4449,169.81,0.0
4450,169.53,0.0
4451,169.74,0.0
4452,169.58,0.0
4453,169.74,0.0
4454,169.93,0.0
4455,169.95,0.0
4456,170.08,0.0
4457,170.15,0.0
4458,170.07,0.0
4459,169.97,0.0
4460,169.94,0.0
4461,170.19,0.0
4462,170.41,0.0
4463,169.99,0.0
4464,170.13,0.0
4465,170.12,0.0
4466,170.08,0.0
4467,170.33,0.0
4468,170.06,0.0
4469,170.07,0.0
4470,169.91,0.0
4471,169.74,0.0
4472,169.8,0.0
4473,169.88,0.0
4474,169.91,0.0
4475,169.72,0.0
4476,169.62,0.0
4477,169.71,0.0
4478,169.7,0.0
4479,169.54,0.0
4480,169.87,0.0
4481,169.77,0.0
4482,169.61,0.0
4483,169.48,0.0
4484,169.65,0.0
4485,169.34,0.0
4486,169.51,0.0
4487,169.62,0.0
4488,169.4,0.0
4489,169.22,0.0
4490,169.42,0.0
4491,169.35,0.0
4492,169.61,0.0
4493,169.65,0.0
4494,169.38,0.0
4495,169.61,0.0
4496,169.53,0.0
4497,169.29,0.0
4498,169.36,0.0
4499,169.49,0.0
4500,169.59,0.0
4501,169.56,0.0
4502,169.62,0.0
4503,169.57,0.0
4504,169.61,0.0
4505,169.6,0.0
4506,169.62,0.0
4507,169.55,0.0
4508,169.57,0.0
4509,169.55,0.0
4510,169.61,0.0
4511,169.53,0.0
4512,169.92,0.0
4513,169.98,0.0
4514,170.02,0.0
4515,169.99,0.0
4516,170.0,0.0
4517,170.03,0.0
4518,170.34,0.0
4519,170.2,0.0
4520,170.2,0.0
4521,170.39,0.0
4522,170.21,0.0
4523,169.87,0.0
4524,169.93,0.0
4525,169.56,0.0
4526,169.86,0.0
4527,169.89,0.0
4528,170.04,0.0
4529,169.74,0.0
4530,169.63,0.0
4531,169.78,0.0
4532,170.04,0.0
4533,170.2,0.0
4534,170.26,0.0
4535,170.42,0.0
4536,170.41,0.0
4537,170.56,0.0
4538,170.56,0.0
4539,170.42,0.0
4540,170.48,0.0
4541,170.41,0.0
4542,170.47,0.0
4543,170.58,0.0
4544,170.72,0.0
4545,170.72,0.0
4546,170.64,0.0
4547,170.6,0.0
4548,170.83,0.0
4549,170.81,0.0
4550,170.8,0.0
4551,170.68,0.0
4552,170.55,0.0
4553,170.84,0.0
4554,170.99,0.0
4555,171.29,0.0
4556,171.13,0.0
4557,171.27,0.0
4558,171.09,0.0
4559,170.98,0.0
4560,171.12,0.0
4561,171.63,0.0
4562,171.46,0.0
4563,171.59,0.0
4564,171.5,0.0
4565,171.47,0.0
4566,171.37,0.0
4567,171.46,0.0
4568,171.54,0.0
4569,171.58,0.0
4570,171.59,0.0
4571,171.58,0.0
4572,171.51,0.0
4573,171.63,0.0
4574,171.67,0.0
4575,171.71,0.0
4576,171.64,0.0
4577,171.59,0.0
4578,171.64,0.0
4579,171.71,0.0
4580,171.71,0.0
4581,171.87,0.0
4582,171.93,0.0
4583,172.01,0.0
4584,171.83,0.0
4585,171.94,0.0
4586,172.22,0.0
4587,172.17,0.0
4588,172.29,0.0
4589,172.3,0.0
4590,172.54,0.0
4591,172.38,0.0
4592,172.37,0.0
4593,172.14,0.0
4594,171.94,0.0
4595,171.9,0.0
4596,172.12,0.0
4597,171.99,0.0
4598,172.03,0.0
4599,171.99,0.0
4600,172.1,0.0
4601,172.01,0.0
4602,172.02,0.0
4603,171.98,0.0
4604,171.99,0.0
4605,172.04,0.0
4606,172.08,0.0
4607,171.86,0.0
4608,171.8,0.0
4609,171.6,0.0
4610,171.49,0.0
4611,171.39,0.0
4612,171.54,0.0
4613,171.4,0.0
4614,171.23,0.0
4615,171.12,0.0
4616,170.96,0.0
4617,170.84,0.0
4618,171.0,0.0
4619,170.97,0.0
4620,170.83,0.0
4621,170.77,0.0
4622,170.84,0.0
4623,170.7,0.0
4624,170.65,0.0
4625,170.5,0.0
4626,170.44,0.0
4627,170.35,0.0
4628,170.4,0.0
4629,170.29,0.0
4630,170.52,0.0
4631,170.53,0.0
4632,170.54,0.0
4633,170.31,0.0
4634,170.24,0.0
4635,170.5,0.0
4636,170.36,0.0
4637,170.27,0.0
4638,170.21,0.0
4639,169.84,0.0
4640,170.17,0.0
4641,170.02,0.0
4642,170.05,0.0
4643,169.93,0.0
4644,170.02,0.0
4645,170.03,0.0
4646,170.07,0.0
4647,169.9,0.0
4648,169.83,0.0
4649,169.97,0.0
4650,169.84,0.0
4651,169.91,0.0
4652,169.99,0.0
4653,169.75,0.0
4654,169.84,0.0
4655,169.66,0.0
4656,169.79,0.0
4657,169.69,0.0
4658,169.83,0.0
4659,169.84,0.0
4660,169.64,0.0
4661,169.53,0.0
4662,169.89,0.0
4663,169.81,0.0
4664,169.87,0.0
4665,170.17,0.0
4666,170.15,0.0
4667,170.07,0.0
4668,169.84,0.0
4669,169.91,0.0
4670,169.99,0.0
4671,169.86,0.0
4672,169.84,0.0
4673,169.63,0.0
4674,169.96,0.0
4675,170.07,0.0
4676,169.97,0.0
4677,170.01,0.0
4678,169.72,0.0
4679,169.83,0.0
4680,169.81,0.0
4681,169.69,0.0
4682,169.69,0.0
4683,169.91,0.0
4684,169.86,0.0
4685,169.83,0.0
4686,170.03,0.0
4687,169.95,0.0
4688,170.09,0.0
4689,169.76,0.0
4690,169.63,0.0
4691,169.86,0.0
4692,169.79,0.0
4693,169.67,0.0
4694,169.81,0.0
4695,169.79,0.0
4696,170.0,0.0
4697,169.84,0.0
4698,169.88,0.0
4699,169.83,0.0
4700,169.78,0.0
4701,169.83,0.0
4702,170.06,0.0
4703,169.94,0.0
4704,169.93,0.0
4705,169.67,0.0
4706,169.75,0.0
4707,169.8,0.0
4708,169.88,0.0
4709,169.67,0.0
4710,169.62,0.0
4711,169.64,0.0
4712,169.96,0.0
4713,169.85,0.0
4714,169.94,0.0
4715,169.8,0.0
4716,169.87,0.0
4717,169.83,0.0
4718,169.71,0.0
4719,169.69,0.0
4720,169.81,0.0
4721,169.99,0.0
4722,170.11,0.0
4723,170.08,0.0
4724,170.2,0.0
4725,170.04,0.0
4726,169.82,0.0
4727,169.83,0.0
4728,169.82,0.0
4729,169.72,0.0
4730,169.74,0.0
4731,169.8,0.0
4732,169.75,0.0
4733,169.61,0.0
4734,169.67,0.0
4735,169.81,0.0
4736,169.56,0.0
4737,169.52,0.0
4738,169.24,0.0
4739,169.39,0.0
4740,169.51,0.0
4741,169.58,0.0
4742,169.54,0.0
4743,169.71,0.0
4744,169.6,0.0
4745,169.51,0.0
4746,169.47,0.0
4747,169.36,0.0
4748,169.37,0.0
4749,169.1,0.0
4750,169.18,0.0
4751,169.09,0.0
4752,169.36,0.0
4753,169.38,0.0
4754,169.31,0.0
4755,169.39,0.0
4756,169.58,0.0
4757,169.66,0.0
4758,169.72,0.0
4759,169.71,0.0
4760,169.73,0.0
4761,169.65,0.0
4762,169.75,0.0
4763,169.57,0.0
4764,169.39,0.0
4765,169.31,0.0
4766,169.29,0.0
4767,169.46,0.0
4768,169.08,0.0
4769,168.95,0.0
4770,168.98,0.0
4771,168.76,0.0
4772,168.63,0.0
4773,168.64,0.0
4774,168.95,0.0
4775,169.02,0.0
4776,168.98,0.0
4777,169.04,0.0
4778,168.96,0.0
4779,169.09,0.0
4780,169.01,0.0
4781,169.09,0.0
4782,169.22,0.0
4783,169.27,0.0
4784,169.1,0.0
4785,169.15,0.0
4786,169.1,0.0
4787,168.84,0.0
4788,168.99,0.0
4789,168.92,0.0
4790,169.12,0.0
4791,168.94,0.0
4792,169.01,0.0
4793,169.0,0.0
4794,168.72,0.0
4795,168.62,0.0
4796,169.03,0.0
4797,169.12,0.0
4798,169.36,0.0
4799,169.36,0.0
4800,169.39,0.0
4801,169.33,0.0
4802,169.63,0.0
4803,169.55,0.0
4804,169.34,0.0
4805,169.44,0.0
4806,169.4,0.0
4807,169.44,0.0
4808,169.39,0.0
4809,169.22,0.0
4810,169.05,0.0
4811,168.97,0.0
4812,169.11,0.0
4813,168.91,0.0
4814,168.84,0.0
4815,169.09,0.0
4816,168.95,0.0
4817,168.88,0.0
4818,169.05,0.0
4819,168.98,0.0
4820,168.98,0.0
4821,168.96,0.0
4822,169.12,0.0
4823,169.14,0.0
4824,169.09,0.0
4825,169.18,0.0
4826,169.23,0.0
4827,168.97,0.0
4828,168.9,0.0
4829,169.01,0.0
4830,168.91,0.0
4831,168.85,0.0
4832,168.97,0.0
4833,169.07,0.0
4834,169.14,0.0
4835,168.89,0.0
4836,169.12,0.0
4837,169.03,0.0
4838,169.16,0.0
4839,169.32,0.0
4840,169.54,0.0
4841,169.35,0.0
4842,169.36,0.0
4843,169.23,0.0
4844,169.08,0.0
4845,168.95,0.0
4846,168.83,0.0
4847,168.85,0.0
4848,169.07,0.0
4849,169.05,0.0
4850,169.06,0.0
4851,169.07,0.0
4852,169.24,0.0
4853,169.14,0.0
4854,169.23,0.0
4855,169.19,0.0
4856,169.18,0.0
4857,169.29,0.0
4858,169.33,0.0
4859,168.98,0.0
4860,169.17,0.0
4861,169.4,0.0
4862,169.25,0.0
4863,169.08,0.0
4864,169.16,0.0
4865,168.87,0.0
4866,169.0,0.0
4867,169.06,0.0
4868,168.89,0.0
4869,168.51,0.0
4870,168.72,0.0
4871,168.66,0.0
4872,168.82,0.0
4873,169.03,0.0
4874,169.12,0.0
4875,168.99,0.0
4876,169.06,0.0
4877,168.74,0.0
4878,168.87,0.0
4879,168.98,0.0
4880,168.89,0.0
4881,168.64,0.0
4882,168.68,0.0
4883,168.65,0.0
4884,168.79,0.0
4885,168.83,0.0
4886,168.7,0.0
4887,168.83,0.0
4888,168.95,0.0
4889,169.03,0.0
4890,169.13,0.0
4891,169.33,0.0
4892,169.29,0.0
4893,169.36,0.0
4894,169.33,0.0
4895,169.39,0.0
4896,169.14,0.0
4897,169.06,0.0
4898,169.02,0.0
4899,169.26,0.0
4900,169.15,0.0
4901,169.36,0.0
4902,169.31,0.0
4903,169.32,0.0
4904,169.11,0.0
4905,168.75,0.0
4906,168.79,0.0
4907,168.82,0.0
4908,169.12,0.0
4909,169.25,0.0
4910,169.16,0.0
4911,169.17,0.0
4912,169.13,0.0
4913,169.01,0.0
4914,168.82,0.0
4915,168.93,0.0
4916,168.74,0.0
4917,168.92,0.0
4918,168.82,0.0
4919,168.91,0.0
4920,169.04,0.0
4921,169.06,0.0
4922,169.12,0.0
4923,169.03,0.0
4924,169.01,0.0
4925,168.9,0.0
4926,168.78,0.0
4927,168.99,0.0
4928,169.11,0.0
4929,168.98,0.0
4930,169.05,0.0
4931,169.24,0.0
4932,169.12,0.0
4933,169.0,0.0
4934,168.88,0.0
4935,168.97,0.0
4936,169.14,0.0
4937,169.22,0.0
4938,168.92,0.0
4939,168.89,0.0
4940,169.14,0.0
4941,169.22,0.0
4942,169.33,0.0
4943,169.06,0.0
4944,169.29,0.0
4945,169.22,0.0
4946,169.37,0.0
4947,169.34,0.0
4948,169.52,0.0
4949,169.4,0.0
4950,169.39,0.0
4951,169.47,0.0
4952,169.51,0.0
4953,169.62,0.0
4954,169.55,0.0
4955,169.59,0.0
4956,169.71,0.0
4957,169.61,0.0
4958,169.66,0.0
4959,169.85,0.0
4960,169.79,0.0
4961,169.49,0.0
4962,169.74,0.0
4963,169.63,0.0
4964,169.83,0.0
4965,169.83,0.0
4966,169.79,0.0
4967,169.92,0.0
4968,169.76,0.0
4969,169.79,0.0
4970,169.81,0.0
4971,169.38,0.0
4972,169.61,0.0
4973,169.55,0.0
4974,169.68,0.0
4975,169.67,0.0
4976,169.87,0.0
4977,169.6,0.0
4978,169.46,0.0
4979,169.59,0.0
4980,169.6,0.0
4981,169.67,0.0
4982,169.83,0.0
4983,169.89,0.0
4984,170.13,0.0
4985,170.21,0.0
4986,170.16,0.0
4987,170.18,0.0
4988,170.11,0.0
4989,170.16,0.0
4990,170.15,0.0
4991,170.29,0.0
4992,170.09,0.0
4993,170.02,0.0
4994,170.11,0.0
4995,170.03,0.0
4996,170.09,0.0
4997,169.9,0.0
4998,169.99,0.0
4999,170.15,0.0
5000,170.13,0.0
5001,170.07,0.0
5002,169.99,0.0
5003,170.08,0.0
5004,170.11,0.0
5005,170.19,0.0
5006,170.28,0.0
5007,170.18,0.0
5008,170.18,0.0
5009,170.31,0.0
5010,170.14,0.0
5011,170.11,0.0
5012,170.14,0.0
5013,170.29,0.0
5014,170.2,0.0
5015,170.27,0.0
5016,170.58,0.0
5017,170.3,0.0
5018,170.26,0.0
5019,170.69,0.0
5020,170.72,0.0
5021,170.82,0.0
5022,170.99,0.0
5023,170.9,0.0
5024,170.59,0.0
5025,170.66,0.0
5026,170.67,0.0
5027,170.85,0.0
5028,170.69,0.0
5029,170.59,0.0
5030,170.55,0.0
5031,170.59,0.0
5032,170.61,0.0
5033,170.62,0.0
5034,170.67,0.0
5035,170.68,0.0
5036,170.51,0.0
5037,170.67,0.0
5038,170.67,0.0
5039,170.76,0.0
5040,170.62,0.0
5041,170.57,0.0
5042,170.71,0.0
5043,170.51,0.0
5044,170.41,0.0
5045,170.33,0.0
5046,170.31,0.0
5047,170.27,0.0
5048,170.15,0.0
5049,170.15,0.0
5050,169.89,0.0
5051,169.58,0.0
5052,169.62,0.0
5053,169.98,0.0
5054,169.64,0.0
5055,169.74,0.0
5056,169.88,0.0
5057,169.79,0.0
5058,169.72,0.0
5059,169.21,0.0
5060,169.56,0.0
5061,169.64,0.0
5062,169.72,0.0
5063,169.87,0.0
5064,170.18,0.0
5065,169.89,0.0
5066,169.79,0.0
5067,169.95,0.0
5068,169.56,0.0
5069,169.67,0.0
5070,169.6,0.0
5071,169.57,0.0
5072,169.69,0.0
5073,169.7,0.0
5074,169.87,0.0
5075,169.86,0.0
5076,170.05,0.0
5077,170.04,0.0
5078,170.05,0.0
5079,170.01,0.0
5080,170.13,0.0
5081,170.14,0.0
5082,169.97,0.0
5083,170.09,0.0
5084,169.95,0.0
5085,169.51,0.0
5086,169.73,0.0
5087,169.92,0.0
5088,169.94,0.0
5089,169.96,0.0
5090,169.72,0.0
5091,169.56,0.0
5092,169.42,0.0
5093,169.51,0.0
5094,169.63,0.0
5095,169.41,0.0
5096,169.24,0.0
5097,169.32,0.0
5098,169.17,0.0
5099,169.07,0.0
5100,169.05,0.0
5101,169.18,0.0
5102,169.16,0.0
5103,169.01,0.0
5104,168.84,0.0
5105,169.01,0.0
5106,169.07,0.0
5107,169.15,0.0
5108,169.14,0.0
5109,168.89,0.0
5110,168.93,0.0
5111,169.02,0.0
5112,169.31,0.0
5113,169.36,0.0
5114,169.25,0.0
5115,169.13,0.0
5116,169.17,0.0
5117,169.39,0.0
5118,169.29,0.0
5119,169.38,0.0
5120,169.44,0.0
5121,169.39,0.0
5122,169.67,0.0
5123,169.71,0.0
5124,169.51,0.0
5125,169.44,0.0
5126,169.6,0.0
5127,169.71,0.0
5128,169.83,0.0
5129,169.89,0.0
5130,169.83,0.0
5131,169.76,0.0
5132,170.03,0.0
5133,170.04,0.0
5134,169.9,0.0
5135,170.0,0.0
5136,169.94,0.0
5137,169.99,0.0
5138,170.04,0.0
5139,169.69,0.0
5140,169.88,0.0
5141,170.14,0.0
5142,170.19,0.0
5143,170.12,0.0
5144,170.21,0.0
5145,170.32,0.0
5146,170.16,0.0
5147,170.44,0.0
5148,170.5,0.0
5149,170.4,0.0
5150,170.59,0.0
5151,170.63,0.0
5152,170.73,0.0
5153,170.63,0.0
5154,170.68,0.0
5155,170.78,0.0
5156,170.94,0.0
5157,170.69,0.0
5158,170.7,0.0
5159,170.63,0.0
5160,170.52,0.0
5161,170.54,0.0
5162,170.65,0.0
5163,170.86,0.0
5164,170.84,0.0
5165,170.76,0.0
5166,170.79,0.0
5167,170.52,0.0
5168,170.71,0.0
5169,170.79,0.0
5170,170.73,0.0
5171,170.61,0.0
5172,170.81,0.0
5173,171.1,0.0
5174,171.13,0.0
5175,171.08,0.0
5176,171.09,0.0
5177,170.98,0.0
5178,170.89,0.0
5179,170.94,0.0
5180,170.76,0.0
5181,170.58,0.0
5182,170.56,0.0
5183,170.81,0.0
5184,170.9,0.0
5185,170.74,0.0
5186,170.61,0.0
5187,170.81,0.0
5188,170.81,0.0
5189,170.9,0.0
5190,170.99,0.0
5191,171.03,0.0
5192,171.18,0.0
5193,171.05,0.0
5194,171.13,0.0
5195,171.31,0.0
5196,171.05,0.0
5197,171.12,0.0
5198,171.27,0.0
5199,171.1,0.0
5200,170.96,0.0
5201,171.14,0.0
5202,171.1,0.0
5203,171.2,0.0
5204,171.17,0.0
5205,171.09,0.0
5206,171.06,0.0
5207,170.9,0.0
5208,170.97,0.0
5209,170.81,0.0
5210,170.6,0.0
5211,170.72,0.0
5212,170.71,0.0
5213,170.9,0.0
5214,170.95,0.0
5215,170.97,0.0
5216,171.05,0.0
5217,171.22,0.0
5218,171.2,0.0
5219,171.08,0.0
5220,171.26,0.0
5221,171.44,0.0
5222,170.97,0.0
5223,171.06,0.0
5224,171.39,0.0
5225,171.05,0.0
5226,170.96,0.0
5227,170.97,0.0
5228,171.22,0.0
5229,171.04,0.0
5230,170.94,0.0
5231,170.88,0.0
5232,170.69,0.0
5233,170.81,0.0
5234,170.92,0.0
5235,171.11,0.0
5236,171.32,0.0
5237,171.05,0.0
5238,170.84,0.0
5239,171.17,0.0
5240,171.39,0.0
5241,171.39,0.0
5242,171.28,0.0
5243,171.22,0.0
5244,171.28,0.0
5245,171.29,0.0
5246,171.2,0.0
5247,171.23,0.0
5248,171.35,0.0
5249,171.31,0.0
5250,171.19,0.0
5251,171.34,0.0
5252,171.34,0.0
5253,171.32,0.0
5254,171.42,0.0
5255,171.37,0.0
5256,171.44,0.0
5257,171.31,0.0
5258,171.45,0.0
5259,171.3,0.0
5260,171.43,0.0
5261,171.4,0.0
5262,171.54,0.0
5263,171.49,0.0
5264,171.64,0.0
5265,171.64,0.0
5266,171.62,0.0
5267,171.65,0.0
5268,171.66,0.0
5269,171.6,0.0
5270,171.65,0.0
5271,171.91,0.0
5272,171.85,0.0
5273,171.95,0.0
5274,171.83,0.0
5275,171.86,0.0
5276,171.63,0.0
5277,171.75,0.0
5278,171.84,0.0
5279,171.96,0.0
5280,171.75,0.0
5281,171.75,0.0
5282,171.49,0.0
5283,171.34,0.0
5284,171.29,0.0
5285,171.3,0.0
5286,171.3,0.0
5287,171.22,0.0
5288,171.29,0.0
5289,171.17,0.0
5290,171.21,0.0
5291,171.42,0.0
5292,171.29,0.0
5293,171.5,0.0
5294,171.42,0.0
5295,171.44,0.0
5296,171.48,0.0
5297,171.31,0.0
5298,171.58,0.0
5299,171.73,0.0
5300,171.95,0.0
5301,172.15,0.0
5302,172.11,0.0
5303,172.17,0.0
5304,172.58,0.0
5305,172.62,0.0
5306,172.52,0.0
5307,172.49,0.0
5308,172.33,0.0
5309,172.52,0.0
5310,172.57,0.0
5311,172.54,0.0
5312,172.51,0.0
5313,172.37,0.0
5314,172.31,0.0
5315,172.68,0.0
5316,172.51,0.0
5317,171.98,0.0
5318,172.1,0.0
5319,171.91,0.0
5320,171.71,0.0
5321,171.77,0.0
5322,172.02,0.0
5323,171.8,0.0
5324,171.89,0.0
5325,171.96,0.0
5326,171.92,0.0
5327,171.73,0.0
5328,171.53,0.0
5329,171.71,0.0
5330,171.62,0.0
5331,171.66,0.0
5332,171.77,0.0
5333,171.52,0.0
5334,171.48,0.0
5335,171.4,0.0
5336,171.18,0.0
5337,171.2,0.0
5338,171.22,0.0
5339,171.4,0.0
5340,171.25,0.0
5341,171.13,0.0
5342,171.07,0.0
5343,171.21,0.0
5344,171.09,0.0
5345,171.17,0.0
5346,171.18,0.0
5347,171.16,0.0
5348,171.05,0.0
5349,171.21,0.0
5350,171.05,0.0
5351,171.17,0.0
5352,171.43,0.0
5353,171.56,0.0
5354,171.67,0.0
5355,171.63,0.0
5356,171.47,0.0
5357,171.27,0.0
5358,171.21,0.0
5359,171.23,0.0
5360,171.2,0.0
5361,171.31,0.0
5362,171.16,0.0
5363,171.34,0.0
5364,171.39,0.0
5365,171.44,0.0
5366,171.22,0.0
5367,171.43,0.0
5368,171.54,0.0
5369,171.56,0.0
5370,171.54,0.0
5371,171.44,0.0
5372,171.66,0.0
5373,171.65,0.0
5374,171.47,0.0
5375,171.52,0.0
5376,171.18,0.0
5377,171.25,0.0
5378,171.32,0.0
5379,171.32,0.0
5380,171.17,0.0
5381,171.25,0.0
5382,171.12,0.0
5383,171.1,0.0
5384,171.25,0.0
5385,171.16,0.0
5386,171.22,0.0
5387,171.07,0.0
5388,171.04,0.0
5389,171.04,0.0
5390,170.9,0.0
5391,171.0,0.0
5392,171.06,0.0
5393,171.05,0.0
5394,171.04,0.0
5395,170.98,0.0
5396,171.15,0.0
5397,171.43,0.0
5398,171.3,0.0
5399,171.47,0.0
5400,171.5,0.0
5401,171.22,0.0
5402,171.16,0.0
5403,171.17,0.0
5404,171.48,0.0
5405,171.62,0.0
5406,171.69,0.0
5407,171.63,0.0
5408,171.51,0.0
5409,171.44,0.0
5410,171.42,0.0
5411,171.57,0.0
5412,171.53,0.0
5413,171.56,0.0
5414,171.7,0.0
5415,171.62,0.0
5416,171.42,0.0
5417,171.51,0.0
5418,171.66,0.0
5419,171.76,0.0
5420,171.86,0.0
5421,171.76,0.0
5422,171.85,0.0
5423,171.92,0.0
5424,171.95,0.0
5425,172.01,0.0
5426,171.88,0.0
5427,171.86,0.0
5428,171.76,0.0
5429,171.93,0.0
5430,171.99,0.0
5431,172.3,0.0
5432,172.42,0.0
5433,172.62,0.0
5434,172.58,0.0
5435,172.59,0.0
5436,172.38,0.0
5437,172.26,0.0
5438,172.32,0.0
5439,172.43,0.0
5440,172.54,0.0
5441,172.3,0.0
5442,172.58,0.0
5443,172.54,0.0
5444,172.65,0.0
5445,172.75,0.0
5446,172.7,0.0
5447,172.72,0.0
5448,172.69,0.0
5449,172.64,0.0
5450,172.74,0.0
5451,172.87,0.0
5452,172.76,0.0
5453,172.7,0.0
5454,172.71,0.0
5455,172.74,0.0
5456,172.71,0.0
5457,172.55,0.0
5458,172.64,0.0
5459,172.7,0.0
5460,172.73,0.0
5461,172.73,0.0
5462,172.8,0.0
5463,172.57,0.0
5464,172.77,0.0
5465,172.98,0.0
5466,173.11,0.0
5467,173.0,0.0
5468,172.76,0.0
5469,172.81,0.0
5470,172.82,0.0
5471,172.83,0.0
5472,173.0,0.0
5473,173.31,0.0
5474,173.25,0.0
5475,173.36,0.0
5476,173.38,0.0
5477,173.51,0.0
5478,173.56,0.0
5479,173.49,0.0
5480,173.64,0.0
5481,173.68,0.0
5482,173.71,0.0
5483,173.73,0.0
5484,173.81,0.0
5485,173.83,0.0
5486,173.69,0.0
5487,174.09,0.0
5488,174.03,0.0
5489,173.81,0.0
5490,173.89,0.0
5491,174.33,0.0
5492,174.44,0.0
5493,174.34,0.0
5494,174.38,0.0
5495,174.29,0.0
5496,174.17,0.0
5497,174.02,0.0
5498,174.0,0.0
5499,174.11,0.0
5500,174.05,0.0
5501,173.79,0.0
5502,173.71,0.0
5503,173.77,0.0
5504,173.85,0.0
5505,173.85,0.0
5506,173.91,0.0
5507,173.87,0.0
5508,173.69,0.0
5509,173.68,0.0
5510,173.54,0.0
5511,173.55,0.0
5512,173.52,0.0
5513,173.51,0.0
5514,173.93,0.0
5515,173.65,0.0
5516,173.7,0.0
5517,173.74,0.0
5518,173.77,0.0
5519,173.55,0.0
5520,173.52,0.0
5521,173.87,0.0
5522,173.84,0.0
5523,173.71,0.0
5524,173.87,0.0
5525,173.78,0.0
5526,173.88,0.0
5527,173.88,0.0
5528,173.73,0.0
5529,173.75,0.0
5530,173.85,0.0
5531,173.8,0.0
5532,173.54,0.0
5533,173.53,0.0
5534,173.51,0.0
5535,173.67,0.0
5536,173.33,0.0
5537,173.3,0.0
5538,173.27,0.0
5539,173.1,0.0
5540,173.02,0.0
5541,172.93,0.0
5542,172.98,0.0
5543,172.94,0.0
5544,172.84,0.0
5545,172.54,0.0
5546,172.9,0.0
5547,173.03,0.0
5548,173.0,0.0
5549,172.84,0.0
5550,173.14,0.0
5551,172.93,0.0
5552,172.96,0.0
5553,172.82,0.0
5554,172.85,0.0
5555,172.92,0.0
5556,172.83,0.0
5557,172.85,0.0
5558,172.9,0.0
5559,172.98,0.0
5560,172.96,0.0
5561,172.91,0.0
5562,172.85,0.0
5563,172.94,0.0
5564,172.85,0.0
5565,173.07,0.0
5566,173.01,0.0
5567,172.99,0.0
5568,173.35,0.0
5569,173.18,0.0
5570,173.2,0.0
5571,173.19,0.0
5572,172.99,0.0
5573,173.2,0.0
5574,173.41,0.0
5575,173.3,0.0
5576,173.53,0.0
5577,173.42,0.0
5578,173.47,0.0
5579,173.55,0.0
5580,173.57,0.0
5581,173.7,0.0
5582,173.59,0.0
5583,173.44,0.0
5584,173.54,0.0
5585,173.37,0.0
5586,173.87,0.0
5587,174.05,0.0
5588,173.83,0.0
5589,173.71,0.0
5590,174.07,0.0
5591,174.36,0.0
5592,174.36,0.0
5593,174.12,0.0
5594,174.15,0.0
5595,174.16,0.0
5596,174.35,0.0
5597,174.47,0.0
5598,174.41,0.0
5599,174.43,0.0
5600,174.43,0.0
5601,174.66,0.0
5602,174.9,0.0
5603,174.84,0.0
5604,174.9,0.0
5605,174.81,0.0
5606,174.8,0.0
5607,174.86,0.0
5608,174.65,0.0
5609,174.61,0.0
5610,174.59,0.0
5611,174.75,0.0
5612,174.77,0.0
5613,174.53,0.0
5614,174.71,0.0
5615,174.59,0.0
5616,174.74,0.0
5617,174.87,0.0
5618,174.8,0.0
5619,174.75,0.0
5620,174.49,0.0
5621,174.56,0.0
5622,174.61,0.0
5623,174.46,0.0
5624,174.42,0.0
5625,174.71,0.0
5626,174.59,0.0
5627,174.64,0.0
5628,174.74,0.0
5629,174.72,0.0
5630,174.44,0.0
5631,174.43,0.0
5632,174.68,0.0
5633,174.67,0.0
5634,174.6,0.0
5635,174.37,0.0
5636,174.63,0.0
5637,174.64,0.0
5638,174.57,0.0
5639,174.54,0.0
5640,174.8,0.0
5641,175.04,0.0
5642,174.92,0.0
5643,174.9,0.0
5644,175.03,0.0
5645,174.89,0.0
5646,175.21,0.0
5647,175.21,0.0
5648,175.32,0.0
5649,175.48,0.0
5650,175.59,0.0
5651,175.59,0.0
5652,175.55,0.0
5653,175.39,0.0
5654,175.39,0.0
5655,175.34,0.0
5656,175.16,0.0
5657,175.01,0.0
5658,175.11,0.0
5659,175.12,0.0
5660,175.12,0.0
5661,175.09,0.0
5662,174.94,0.0
5663,174.94,0.0
5664,174.98,0.0
5665,174.88,0.0
5666,174.69,0.0
5667,174.99,0.0
5668,174.84,0.0
5669,174.96,0.0
5670,175.14,0.0
5671,174.84,0.0
5672,174.7,0.0
5673,174.82,0.0
5674,174.68,0.0
5675,174.82,0.0
5676,174.66,0.0
5677,174.61,0.0
5678,174.92,0.0
5679,174.82,0.0
5680,174.57,0.0
5681,174.79,0.0
5682,174.87,0.0
5683,174.79,0.0
5684,174.74,0.0
5685,174.86,0.0
5686,175.04,0.0
5687,174.9,0.0
5688,175.02,0.0
5689,175.04,0.0
5690,174.96,0.0
5691,174.93,0.0
5692,174.81,0.0
5693,175.01,0.0
5694,175.0,0.0
5695,175.21,0.0
5696,175.23,0.0
5697,175.13,0.0
5698,174.99,0.0
5699,175.07,0.0
5700,175.07,0.0
5701,175.29,0.0
5702,175.27,0.0
5703,175.23,0.0
5704,175.38,0.0
5705,175.38,0.0
5706,175.49,0.0
5707,175.51,0.0
5708,175.66,0.0
5709,175.43,0.0
5710,175.52,0.0
5711,175.46,0.0
5712,175.19,0.0
5713,175.2,0.0
5714,175.19,0.0
5715,175.06,0.0
5716,174.95,0.0
5717,174.77,0.0
5718,174.83,0.0
5719,174.85,0.0
5720,174.82,0.0
5721,174.95,0.0
5722,175.14,0.0
5723,175.41,0.0
5724,175.32,0.0
5725,175.33,0.0
5726,175.36,0.0
5727,175.19,0.0
5728,175.57,0.0
5729,175.33,0.0
5730,175.41,0.0
5731,175.43,0.0
5732,175.55,0.0
5733,175.62,0.0
5734,175.32,0.0
5735,175.31,0.0
5736,175.39,0.0
5737,175.39,0.0
5738,175.01,0.0
5739,175.27,0.0
5740,175.21,0.0
5741,175.19,0.0
5742,175.14,0.0
5743,175.32,0.0
5744,175.02,0.0
5745,175.19,0.0
5746,175.2,0.0
5747,175.25,0.0
5748,175.41,0.0
5749,175.49,0.0
5750,175.63,0.0
5751,175.75,0.0
5752,175.48,0.0
5753,175.58,0.0
5754,175.62,0.0
5755,175.61,0.0
5756,175.86,0.0
5757,175.98,0.0
5758,175.87,0.0
5759,175.88,0.0
5760,176.05,0.0
5761,176.12,0.0
5762,175.99,0.0
5763,175.83,0.0
5764,175.87,0.0
5765,175.87,0.0
5766,175.8,0.0
5767,175.91,0.0
5768,176.02,0.0
5769,175.99,0.0
5770,176.13,0.0
5771,176.14,0.0
5772,176.38,0.0
5773,176.6,0.0
5774,176.28,0.0
5775,176.52,0.0
5776,176.37,0.0
5777,176.51,0.0
5778,176.3,0.0
5779,176.29,0.0
5780,176.51,0.0
5781,176.28,0.0
5782,176.26,0.0
5783,176.21,0.0
5784,176.22,0.0
5785,176.22,0.0
5786,175.98,0.0
5787,175.72,0.0
5788,175.94,0.0
5789,176.12,0.0
5790,176.23,0.0
5791,176.32,0.0
5792,176.37,0.0
5793,176.29,0.0
5794,176.54,0.0
5795,176.71,0.0
5796,176.5,0.0
5797,176.6,0.0
5798,176.41,0.0
5799,176.17,0.0
5800,176.19,0.0
5801,176.29,0.0
5802,176.22,0.0
5803,176.33,0.0
5804,176.41,0.0
5805,176.32,0.0
5806,176.42,0.0
5807,176.33,0.0
5808,176.05,0.0
5809,175.86,0.0
5810,175.75,0.0
5811,175.9,0.0
5812,175.98,0.0
5813,175.9,0.0
5814,175.8,0.0
5815,175.69,0.0
5816,175.46,0.0
5817,175.53,0.0
5818,175.39,0.0
5819,175.48,0.0
5820,175.57,0.0
5821,175.24,0.0
5822,175.42,0.0
5823,175.53,0.0
5824,175.54,0.0
5825,175.71,0.0
5826,175.87,0.0
5827,175.84,0.0
5828,175.6,0.0
5829,175.27,0.0
5830,175.41,0.0
5831,175.55,0.0
5832,175.47,0.0
5833,175.4,0.0
5834,175.36,0.0
5835,175.29,0.0
5836,175.22,0.0
5837,175.25,0.0
5838,175.13,0.0
5839,175.17,0.0
5840,175.12,0.0
5841,175.06,0.0
5842,175.0,0.0
5843,174.85,0.0
5844,175.15,0.0
5845,175.17,0.0
5846,175.07,0.0
5847,175.06,0.0
5848,174.96,0.0
5849,175.4,0.0
5850,175.53,0.0
5851,175.67,0.0
5852,175.48,0.0
5853,175.49,0.0
5854,175.65,0.0
5855,175.7,0.0
5856,175.61,0.0
5857,175.59,0.0
5858,175.48,0.0
5859,175.45,0.0
5860,175.2,0.0
5861,175.34,0.0
5862,175.26,0.0
5863,175.32,0.0
5864,175.2,0.0
5865,175.35,0.0
5866,175.22,0.0
5867,175.15,0.0
5868,175.35,0.0
5869,175.45,0.0
5870,175.39,0.0
5871,175.45,0.0
5872,175.16,0.0
5873,175.36,0.0
5874,175.25,0.0
5875,175.37,0.0
5876,175.11,0.0
5877,175.42,0.0
5878,175.42,0.0
5879,175.4,0.0
5880,175.4,0.0
5881,175.53,0.0
5882,175.72,0.0
5883,175.77,0.0
5884,175.85,0.0
5885,175.8,0.0
5886,175.8,0.0
5887,176.03,0.0
5888,176.01,0.0
5889,175.94,0.0
5890,176.21,0.0
5891,176.07,0.0
5892,176.3,0.0
5893,176.29,0.0
5894,176.41,0.0
5895,176.63,0.0
5896,176.46,0.0
5897,176.54,0.0
5898,176.59,0.0
5899,176.34,0.0
5900,176.52,0.0
5901,176.45,0.0
5902,176.36,0.0
5903,176.52,0.0
5904,176.11,0.0
5905,176.22,0.0
5906,176.2,0.0
5907,176.11,0.0
5908,176.02,0.0
5909,176.12,0.0
5910,176.08,0.0
5911,176.22,0.0
5912,176.18,0.0
5913,176.37,0.0
5914,176.46,0.0
5915,176.19,0.0
5916,176.0,0.0
5917,176.13,0.0
5918,176.0,0.0
5919,176.18,0.0
5920,175.96,0.0
5921,175.9,0.0
5922,175.56,0.0
5923,175.71,0.0
5924,175.61,0.0
5925,175.6,0.0
5926,175.71,0.0
5927,175.56,0.0
5928,175.35,0.0
5929,175.54,0.0
5930,175.66,0.0
5931,175.73,0.0
5932,175.55,0.0
5933,175.73,0.0
5934,175.66,0.0
5935,175.42,0.0
5936,175.6,0.0
5937,175.66,0.0
5938,175.51,0.0
5939,175.25,0.0
5940,175.46,0.0
5941,175.44,0.0
5942,175.56,0.0
5943,175.56,0.0
5944,175.69,0.0
5945,175.85,0.0
5946,175.86,0.0
5947,175.84,0.0
5948,175.98,0.0
5949,175.95,0.0
5950,175.81,0.0
5951,175.62,0.0
5952,175.81,0.0
5953,176.04,0.0
5954,176.13,0.0
5955,175.89,0.0
5956,175.96,0.0
5957,175.93,0.0
5958,175.83,0.0
5959,175.75,0.0
5960,175.74,0.0
5961,175.97,0.0
5962,175.89,0.0
5963,175.92,0.0
5964,175.96,0.0
5965,175.99,0.0
5966,175.96,0.0
5967,175.68,0.0
5968,175.77,0.0
5969,176.03,0.0
5970,176.16,0.0
5971,176.13,0.0
5972,176.21,0.0
5973,176.28,0.0
5974,176.42,0.0
5975,176.43,0.0
5976,176.42,0.0
5977,176.15,0.0
5978,176.25,0.0
5979,176.27,0.0
5980,176.17,0.0
5981,175.91,0.0
5982,176.04,0.0
5983,175.93,0.0
5984,176.08,0.0
5985,175.96,0.0
5986,176.13,0.0
5987,176.2,0.0
5988,176.2,0.0
5989,176.22,0.0
5990,176.2,0.0
5991,176.08,0.0
5992,175.91,0.0
5993,175.66,0.0
5994,175.82,0.0
5995,175.86,0.0
5996,175.79,0.0
5997,175.73,0.0
5998,175.59,0.0
5999,175.57,0.0
6000,175.48,0.0
6001,175.72,0.0
6002,175.86,0.0
6003,175.65,0.0
6004,175.51,0.0
6005,175.34,0.0
6006,175.29,0.0
6007,175.38,0.0
6008,175.43,0.0
6009,175.5,0.0
6010,175.72,0.0
6011,175.62,0.0
6012,175.66,0.0
6013,175.58,0.0
6014,175.75,0.0
6015,175.75,0.0
6016,175.62,0.0
6017,175.38,0.0
6018,175.28,0.0
6019,175.66,0.0
6020,175.71,0.0
6021,175.59,0.0
6022,175.72,0.0
6023,175.73,0.0
6024,175.73,0.0
6025,175.95,0.0
6026,175.83,0.0
6027,175.86,0.0
6028,176.09,0.0
6029,176.07,0.0
6030,176.2,0.0
6031,176.24,0.0
6032,176.25,0.0
6033,176.19,0.0
6034,176.3,0.0
6035,176.36,0.0
6036,176.08,0.0
6037,176.27,0.0
6038,176.03,0.0
6039,175.98,0.0
6040,176.1,0.0
6041,176.11,0.0
6042,176.2,0.0
6043,176.33,0.0
6044,176.5,0.0
6045,176.27,0.0
6046,176.36,0.0
6047,176.35,0.0
6048,176.51,0.0
6049,176.35,0.0
6050,176.22,0.0
6051,175.83,0.0
6052,175.86,0.0
6053,175.68,0.0
6054,175.79,0.0
6055,175.99,0.0
6056,176.03,0.0
6057,175.89,0.0
6058,175.71,0.0
6059,175.71,0.0
6060,175.84,0.0
6061,176.11,0.0
6062,175.99,0.0
6063,176.13,0.0
6064,176.03,0.0
6065,175.94,0.0
6066,175.94,0.0
6067,176.26,0.0
6068,176.45,0.0
6069,176.33,0.0
6070,176.27,0.0
6071,176.35,0.0
6072,176.6,0.0
6073,176.39,0.0
6074,176.36,0.0
6075,176.3,0.0
6076,176.45,0.0
6077,176.63,0.0
6078,176.39,0.0
6079,176.11,0.0
6080,176.13,0.0
6081,176.11,0.0
6082,176.02,0.0
6083,176.09,0.0
6084,176.1,0.0
6085,175.97,0.0
6086,175.99,0.0
6087,175.8,0.0
6088,175.96,0.0
6089,175.89,0.0
6090,175.77,0.0
6091,175.89,0.0
6092,175.97,0.0
6093,175.85,0.0
6094,175.91,0.0
6095,175.91,0.0
6096,175.98,0.0
6097,176.16,0.0
6098,176.13,0.0
6099,176.1,0.0
6100,175.86,0.0
6101,175.97,0.0
6102,175.69,0.0
6103,175.66,0.0
6104,175.65,0.0
6105,175.47,0.0
6106,175.47,0.0
6107,175.07,0.0
6108,175.09,0.0
6109,175.35,0.0
6110,175.04,0.0
6111,175.4,0.0
6112,175.22,0.0
6113,175.1,0.0
6114,175.07,0.0
6115,175.34,0.0
6116,175.2,0.0
6117,175.09,0.0
6118,175.23,0.0
6119,175.34,0.0
6120,175.41,0.0
6121,175.44,0.0
6122,175.5,0.0
6123,175.46,0.0
6124,175.39,0.0
6125,175.69,0.0
6126,175.67,0.0
6127,175.7,0.0
6128,175.75,0.0
6129,175.9,0.0
6130,176.02,0.0
6131,176.1,0.0
6132,176.48,0.0
6133,176.4,0.0
6134,176.28,0.0
6135,176.38,0.0
6136,176.61,0.0
6137,176.56,0.0
6138,176.77,0.0
6139,176.51,0.0
6140,176.32,0.0
6141,176.36,0.0
6142,176.46,0.0
6143,176.33,0.0
6144,176.43,0.0
6145,176.63,0.0
6146,176.55,0.0
6147,176.69,0.0
6148,176.69,0.0
6149,176.73,0.0
6150,176.44,0.0
6151,176.74,0.0
6152,176.5,0.0
6153,176.51,0.0
6154,176.52,0.0
6155,176.65,0.0
6156,176.82,0.0
6157,177.0,0.0
6158,176.97,0.0
6159,177.04,0.0
6160,176.9,0.0
6161,177.06,0.0
6162,177.12,0.0
6163,177.01,0.0
6164,177.11,0.0
6165,177.15,0.0
6166,176.87,0.0
6167,176.8,0.0
6168,176.79,0.0
6169,176.99,0.0
6170,177.1,0.0
6171,177.03,0.0
6172,176.97,0.0
6173,176.89,0.0
6174,177.12,0.0
6175,177.0,0.0
6176,177.11,0.0
6177,177.05,0.0
6178,177.05,0.0
6179,176.93,0.0
6180,177.04,0.0
6181,177.27,0.0
6182,177.3,0.0
6183,176.98,0.0
6184,176.99,0.0
6185,177.06,0.0
6186,176.94,0.0
6187,177.07,0.0
6188,177.11,0.0
6189,177.25,0.0
6190,177.32,0.0
6191,177.34,0.0
6192,177.53,0.0
6193,177.2,0.0
6194,177.29,0.0
6195,177.28,0.0
6196,177.29,0.0
6197,177.18,0.0
6198,177.4,0.0
6199,177.29,0.0
6200,177.3,0.0
6201,177.45,0.0
6202,177.26,0.0
6203,177.26,0.0
6204,177.2,0.0
6205,177.31,0.0
6206,177.26,0.0
6207,177.02,0.0
6208,177.05,0.0
6209,177.14,0.0
6210,176.88,0.0
6211,176.55,0.0
6212,176.58,0.0
6213,176.7,0.0
6214,176.71,0.0
6215,176.61,0.0
6216,176.82,0.0
6217,176.86,0.0
6218,176.94,0.0
6219,177.09,0.0
6220,176.96,0.0
6221,177.21,0.0
6222,177.18,0.0
6223,177.12,0.0
6224,177.04,0.0
6225,177.13,0.0
6226,177.02,0.0
6227,176.9,0.0
6228,177.03,0.0
6229,177.02,0.0
6230,176.81,0.0
6231,176.84,0.0
6232,177.06,0.0
6233,176.99,0.0
6234,177.11,0.0
6235,177.37,0.0
6236,177.28,0.0
6237,177.15,0.0
6238,177.3,0.0
6239,177.3,0.0
6240,177.41,0.0
6241,177.41,0.0
6242,177.36,0.0
6243,177.26,0.0
6244,177.37,0.0
6245,177.18,0.0
6246,177.29,0.0
6247,177.41,0.0
6248,177.27,0.0
6249,177.27,0.0
6250,177.53,0.0
6251,177.53,0.0
6252,177.65,0.0
6253,177.52,0.0
6254,177.75,0.0
6255,177.76,0.0
6256,177.86,0.0
6257,177.98,0.0
6258,177.97,0.0
6259,177.74,0.0
6260,177.92,0.0
6261,178.0,0.0
6262,177.88,0.0
6263,177.83,0.0
6264,177.66,0.0
6265,177.53,0.0
6266,177.75,0.0
6267,177.6,0.0
6268,177.68,0.0
6269,177.71,0.0
6270,177.77,0.0
6271,177.72,0.0
6272,177.61,0.0
6273,177.4,0.0
6274,177.21,0.0
6275,177.1,0.0
6276,177.33,0.0
6277,177.39,0.0
6278,177.51,0.0
6279,177.21,0.0
6280,177.32,0.0
6281,177.1,0.0
6282,177.26,0.0
6283,177.18,0.0
6284,176.96,0.0
6285,176.9,0.0
6286,176.8,0.0
6287,176.68,0.0
6288,176.74,0.0
6289,176.92,0.0
6290,176.78,0.0
6291,176.79,0.0
6292,176.87,0.0
6293,177.01,0.0
6294,177.01,0.0
6295,177.16,0.0
6296,177.31,0.0
6297,177.36,0.0
6298,177.18,0.0
6299,177.18,0.0
6300,177.24,0.0
6301,177.33,0.0
6302,177.34,0.0
6303,177.4,0.0
6304,177.51,0.0
6305,177.61,0.0
6306,177.37,0.0
6307,177.51,0.0
6308,177.46,0.0
6309,177.39,0.0
6310,177.4,0.0
6311,177.6,0.0
6312,177.46,0.0
6313,177.24,0.0
6314,177.12,0.0
6315,177.39,0.0
6316,177.28,0.0
6317,177.39,0.0
6318,177.23,0.0
6319,177.54,0.0
6320,177.51,0.0
6321,177.8,0.0
6322,177.71,0.0
6323,177.69,0.0
6324,177.55,0.0
6325,177.39,0.0
6326,177.4,0.0
6327,177.42,0.0
6328,177.6,0.0
6329,177.69,0.0
6330,177.29,0.0
6331,177.53,0.0
6332,177.49,0.0
6333,177.53,0.0
6334,177.52,0.0
6335,177.6,0.0
6336,177.77,0.0
6337,177.61,0.0
6338,177.61,0.0
6339,177.61,0.0
6340,177.63,0.0
6341,177.83,0.0
6342,177.83,0.0
6343,177.73,0.0
6344,177.53,0.0
6345,177.81,0.0
6346,177.83,0.0
6347,178.08,0.0
6348,178.04,0.0
6349,178.19,0.0
6350,178.0,0.0
6351,178.08,0.0
6352,177.9,0.0
6353,177.84,0.0
6354,177.78,0.0
6355,178.01,0.0
6356,177.97,0.0
6357,178.14,0.0
6358,178.27,0.0
6359,178.34,0.0
6360,178.13,0.0
6361,178.17,0.0
6362,178.11,0.0
6363,178.19,0.0
6364,178.03,0.0
6365,178.27,0.0
6366,178.35,0.0
6367,178.47,0.0
6368,178.6,0.0
6369,178.3,0.0
6370,178.35,0.0
6371,178.51,0.0
6372,178.51,0.0
6373,178.2,0.0
6374,178.2,0.0
6375,178.19,0.0
6376,178.16,0.0
6377,178.25,0.0
6378,178.31,0.0
6379,178.35,0.0
6380,178.35,0.0
6381,178.4,0.0
6382,178.48,0.0
6383,178.37,0.0
6384,178.36,0.0
6385,178.32,0.0
6386,178.23,0.0
6387,178.46,0.0
6388,178.46,0.0
6389,178.55,0.0
6390,178.73,0.0
6391,178.83,0.0
6392,178.9,0.0
6393,178.91,0.0
6394,179.12,0.0
6395,178.92,0.0
6396,179.2,0.0
6397,179.11,0.0
6398,179.29,0.0
6399,179.08,0.0
6400,179.03,0.0
6401,179.03,0.0
6402,179.02,0.0
6403,179.16,0.0
6404,179.37,0.0
6405,179.21,0.0
6406,179.18,0.0
6407,179.19,0.0
6408,179.19,0.0
6409,179.05,0.0
6410,179.09,0.0
6411,179.29,0.0
6412,179.23,0.0
6413,179.23,0.0
6414,179.11,0.0
6415,179.02,0.0
6416,178.97,0.0
6417,179.11,0.0
6418,179.17,0.0
6419,179.42,0.0
6420,179.34,0.0
6421,179.3,0.0
6422,179.18,0.0
6423,179.17,0.0
6424,178.88,0.0
6425,178.8,0.0
6426,178.9,0.0
6427,179.08,0.0
6428,178.92,0.0
6429,179.01,0.0
6430,179.16,0.0
6431,179.08,0.0
6432,178.94,0.0
6433,178.99,0.0
6434,179.08,0.0
6435,179.24,0.0
6436,179.26,0.0
6437,179.36,0.0
6438,179.23,0.0
6439,179.34,0.0
6440,179.43,0.0
6441,179.34,0.0
6442,179.17,0.0
6443,179.03,0.0
6444,179.26,0.0
6445,179.09,0.0
6446,179.24,0.0
6447,179.28,0.0
6448,179.48,0.0
6449,179.35,0.0
6450,179.66,0.0
6451,179.58,0.0
6452,179.71,0.0
6453,179.77,0.0
6454,179.68,0.0
6455,179.5,0.0
6456,179.53,0.0
6457,179.41,0.0
6458,179.39,0.0
6459,179.05,0.0
6460,179.14,0.0
6461,178.98,0.0
6462,178.88,0.0
6463,179.08,0.0
6464,178.95,0.0
6465,179.08,0.0
6466,179.14,0.0
6467,179.02,0.0
6468,179.04,0.0
6469,178.94,0.0
6470,178.99,0.0
6471,179.14,0.0
6472,178.76,0.0
6473,178.8,0.0
6474,178.73,0.0
6475,178.77,0.0
6476,178.82,0.0
6477,178.79,0.0
6478,178.69,0.0
6479,178.91,0.0
6480,178.7,0.0
6481,178.71,0.0
6482,178.67,0.0
6483,178.79,0.0
6484,178.82,0.0
6485,178.89,0.0
6486,178.72,0.0
6487,178.65,0.0
6488,178.74,0.0
6489,178.82,0.0
6490,178.56,0.0
6491,178.76,0.0
6492,178.65,0.0
6493,178.84,0.0
6494,179.0,0.0
6495,179.08,0.0
6496,178.88,0.0
6497,178.86,0.0
6498,178.98,0.0
6499,178.94,0.0
6500,178.94,0.0
6501,178.95,0.0
6502,178.98,0.0
6503,178.85,0.0
6504,179.2,0.0
6505,179.08,0.0
6506,179.19,0.0
6507,179.39,0.0
6508,179.31,0.0
6509,179.08,0.0
6510,179.11,0.0
6511,179.13,0.0
6512,179.2,0.0
6513,179.17,0.0
6514,179.19,0.0
6515,179.09,0.0
6516,179.23,0.0
6517,179.27,0.0
6518,179.05,0.0
6519,179.16,0.0
6520,179.12,0.0
6521,178.96,0.0
6522,178.76,0.0
6523,178.9,0.0
6524,178.96,0.0
6525,178.99,0.0
6526,178.93,0.0
6527,178.78,0.0
6528,178.77,0.0
6529,178.96,0.0
6530,178.75,0.0
6531,178.77,0.0
6532,178.73,0.0
6533,178.69,0.0
6534,178.79,0.0
6535,178.93,0.0
6536,178.74,0.0
6537,178.95,0.0
6538,178.75,0.0
6539,178.7,0.0
6540,178.84,0.0
6541,178.86,0.0
6542,178.88,0.0
6543,178.98,0.0
6544,179.27,0.0
6545,179.31,0.0
6546,179.29,0.0
6547,179.13,0.0
6548,178.93,0.0
6549,179.08,0.0
6550,178.98,0.0
6551,178.9,0.0
6552,179.04,0.0
6553,179.21,0.0
6554,179.45,0.0
6555,179.74,0.0
6556,179.63,0.0
6557,179.5,0.0
6558,179.4,0.0
6559,179.25,0.0
6560,179.3,0.0
6561,179.31,0.0
6562,179.4,0.0
6563,179.48,0.0
6564,179.54,0.0
6565,179.38,0.0
6566,179.24,0.0
6567,179.4,0.0
6568,179.43,0.0
6569,179.57,0.0
6570,179.56,0.0
6571,179.56,0.0
6572,179.68,0.0
6573,179.73,0.0
6574,179.75,0.0
6575,179.79,0.0
6576,179.84,0.0
6577,179.71,0.0
6578,179.96,0.0
6579,179.9,0.0
6580,179.86,0.0
6581,179.7,0.0
6582,179.63,0.0
6583,179.36,0.0
6584,179.29,0.0
6585,179.4,0.0
6586,179.2,0.0
6587,179.13,0.0
6588,179.17,0.0
6589,179.29,0.0
6590,179.22,0.0
6591,179.02,0.0
6592,179.0,0.0
6593,179.02,0.0
6594,179.05,0.0
6595,178.98,0.0
6596,179.27,0.0
6597,179.37,0.0
6598,179.13,0.0
6599,179.09,0.0
6600,179.11,0.0
6601,178.85,0.0
6602,178.92,0.0
6603,178.85,0.0
6604,179.05,0.0
6605,179.27,0.0
6606,179.2,0.0
6607,179.17,0.0
6608,179.18,0.0
6609,179.05,0.0
6610,179.16,0.0
6611,178.93,0.0
6612,179.0,0.0
6613,178.98,0.0
6614,178.86,0.0
6615,178.47,0.0
6616,178.68,0.0
6617,178.46,0.0
6618,178.29,0.0
6619,178.21,0.0
6620,178.2,0.0
6621,178.39,0.0
6622,178.53,0.0
6623,178.39,0.0
6624,178.32,0.0
6625,178.21,0.0
6626,178.23,0.0
6627,178.19,0.0
6628,178.19,0.0
6629,178.02,0.0
6630,178.27,0.0
6631,178.16,0.0
6632,178.41,0.0
6633,178.39,0.0
6634,178.52,0.0
6635,178.61,0.0
6636,178.6,0.0
6637,178.71,0.0
6638,178.73,0.0
6639,178.73,0.0
6640,178.68,0.0
6641,178.76,0.0
6642,178.58,0.0
6643,178.91,0.0
6644,178.73,0.0
6645,178.65,0.0
6646,178.83,0.0
6647,178.81,0.0
6648,178.91,0.0
6649,178.89,0.0
6650,179.06,0.0
6651,178.97,0.0
6652,178.8,0.0
6653,178.97,0.0
6654,179.04,0.0
6655,179.19,0.0
6656,179.33,0.0
6657,179.44,0.0
6658,179.24,0.0
6659,179.11,0.0
6660,179.19,0.0
6661,179.23,0.0
6662,179.46,0.0
6663,179.74,0.0
6664,179.91,0.0
6665,180.14,0.0
6666,180.09,0.0
6667,179.91,0.0
6668,179.93,0.0
6669,179.9,0.0
6670,180.07,0.0
6671,180.03,0.0
6672,180.12,0.0
6673,180.17,0.0
6674,180.11,0.0
6675,179.95,0.0
6676,179.77,0.0
6677,179.88,0.0
6678,179.63,0.0
6679,179.61,0.0
6680,179.72,0.0
6681,179.55,0.0
6682,179.76,0.0
6683,179.72,0.0
6684,179.68,0.0
6685,179.74,0.0
6686,179.46,0.0
6687,179.54,0.0
6688,179.58,0.0
6689,179.53,0.0
6690,179.59,0.0
6691,179.43,0.0
6692,179.31,0.0
6693,179.42,0.0
6694,179.05,0.0
6695,179.26,0.0
6696,179.31,0.0
6697,179.35,0.0
6698,179.1,0.0
6699,179.05,0.0
6700,178.91,0.0
6701,179.17,0.0
6702,179.31,0.0
6703,179.07,0.0
6704,179.26,0.0
6705,179.06,0.0
6706,178.85,0.0
6707,178.76,0.0
6708,178.92,0.0
6709,179.19,0.0
6710,179.15,0.0
6711,179.04,0.0
6712,179.1,0.0
6713,179.03,0.0
6714,179.13,0.0
6715,179.23,0.0
6716,179.22,0.0
6717,179.25,0.0
6718,179.36,0.0
6719,179.34,0.0
6720,179.47,0.0
6721,179.42,0.0
6722,179.26,0.0
6723,179.48,0.0
6724,179.59,0.0
6725,179.74,0.0
6726,179.9,0.0
6727,180.02,0.0
6728,180.31,0.0
6729,180.17,0.0
6730,180.13,0.0
6731,180.08,0.0
6732,180.14,0.0
6733,179.9,0.0
6734,179.84,0.0
6735,179.68,0.0
6736,179.66,0.0
6737,179.67,0.0
6738,179.6,0.0
6739,179.49,0.0
6740,179.66,0.0
6741,179.71,0.0
6742,179.83,0.0
6743,179.94,0.0
6744,180.0,0.0
6745,179.93,0.0
6746,179.91,0.0
6747,179.95,0.0
6748,179.95,0.0
6749,179.75,0.0
6750,179.6,0.0
6751,179.78,0.0
6752,179.56,0.0
6753,179.46,0.0
6754,179.8,0.0
6755,179.87,0.0
6756,179.98,0.0
6757,179.9,0.0
6758,179.94,0.0
6759,179.84,0.0
6760,179.69,0.0
6761,179.79,0.0
6762,179.66,0.0
6763,179.81,0.0
6764,179.85,0.0
6765,180.02,0.0
6766,179.79,0.0
6767,180.07,0.0
6768,180.07,0.0
6769,180.2,0.0
6770,180.3,0.0
6771,180.35,0.0
6772,180.34,0.0
6773,180.42,0.0
6774,180.47,0.0
6775,180.53,0.0
6776,180.54,0.0
6777,180.49,0.0
6778,180.33,0.0
6779,180.69,0.0
6780,180.74,0.0
6781,180.87,0.0
6782,180.73,0.0
6783,180.5,0.0
6784,180.61,0.0
6785,180.4,0.0
6786,180.29,0.0
6787,180.45,0.0
6788,180.28,0.0
6789,180.55,0.0
6790,180.37,0.0
6791,180.31,0.0
6792,180.14,0.0
6793,180.06,0.0
6794,180.29,0.0
6795,180.4,0.0
6796,180.46,0.0
6797,180.41,0.0
6798,180.28,0.0
6799,180.09,0.0
6800,180.47,0.0
6801,180.6,0.0
6802,180.76,0.0
6803,180.65,0.0
6804,180.51,0.0
6805,180.53,0.0
6806,180.51,0.0
6807,180.54,0.0
6808,180.39,0.0
6809,180.4,0.0
6810,180.54,0.0
6811,180.3,0.0
6812,180.12,0.0
6813,180.28,0.0
6814,180.29,0.0
6815,180.31,0.0
6816,180.27,0.0
6817,180.26,0.0
6818,180.38,0.0
6819,180.23,0.0
6820,180.18,0.0
6821,180.14,0.0
6822,180.28,0.0
6823,180.21,0.0
6824,180.5,0.0
6825,180.38,0.0
6826,180.41,0.0
6827,180.46,0.0
6828,180.51,0.0
6829,180.37,0.0
6830,180.34,0.0
6831,180.47,0.0
6832,180.39,0.0
6833,180.41,0.0
6834,180.47,0.0
6835,180.48,0.0
6836,180.39,0.0
6837,180.57,0.0
6838,180.49,0.0
6839,180.58,0.0
6840,180.39,0.0
6841,180.53,0.0
6842,180.47,0.0
6843,180.55,0.0
6844,180.49,0.0
6845,180.39,0.0
6846,180.43,0.0
6847,180.24,0.0
6848,180.05,0.0
6849,180.11,0.0
6850,179.85,0.0
6851,180.11,0.0
6852,179.97,0.0
6853,180.03,0.0
6854,179.99,0.0
6855,180.23,0.0
6856,180.2,0.0
6857,180.39,0.0
6858,180.65,0.0
6859,180.59,0.0
6860,180.53,0.0
6861,180.5,0.0
6862,180.67,0.0
6863,180.69,0.0
6864,180.7,0.0
6865,180.82,0.0
6866,180.89,0.0
6867,180.9,0.0
6868,180.74,0.0
6869,180.85,0.0
6870,180.71,0.0
6871,180.59,0.0
6872,180.63,0.0
6873,180.59,0.0
6874,180.57,0.0
6875,180.63,0.0
6876,180.51,0.0
6877,180.41,0.0
6878,180.58,0.0
6879,180.49,0.0
6880,180.23,0.0
6881,180.4,0.0
6882,180.41,0.0
6883,180.37,0.0
6884,180.36,0.0
6885,180.62,0.0
6886,180.5,0.0
6887,180.56,0.0
6888,180.59,0.0
6889,180.51,0.0
6890,180.4,0.0
6891,180.37,0.0
6892,180.53,0.0
6893,180.63,0.0
6894,180.53,0.0
6895,180.51,0.0
6896,180.76,0.0
6897,180.83,0.0
6898,181.03,0.0
6899,180.91,0.0
6900,181.1,0.0
6901,180.96,0.0
6902,180.95,0.0
6903,181.27,0.0
6904,181.35,0.0
6905,181.39,0.0
6906,181.49,0.0
6907,181.67,0.0
6908,181.5,0.0
6909,181.36,0.0
6910,181.32,0.0
6911,181.21,0.0
6912,181.31,0.0
6913,181.37,0.0
6914,181.18,0.0
6915,181.37,0.0
6916,181.16,0.0
6917,181.01,0.0
6918,181.04,0.0
6919,181.16,0.0
6920,181.19,0.0
6921,181.15,0.0
6922,181.26,0.0
6923,181.02,0.0
6924,181.2,0.0
6925,181.14,0.0
6926,181.3,0.0
6927,181.39,0.0
6928,181.36,0.0
6929,181.35,0.0
6930,181.49,0.0
6931,181.45,0.0
6932,181.53,0.0
6933,181.47,0.0
6934,181.35,0.0
6935,181.45,0.0
6936,181.4,0.0
6937,181.41,0.0
6938,181.54,0.0
6939,181.61,0.0
6940,181.43,0.0
6941,181.59,0.0
6942,181.39,0.0
6943,181.44,0.0
6944,181.46,0.0
6945,181.31,0.0
6946,181.45,0.0
6947,181.4,0.0
6948,181.36,0.0
6949,181.56,0.0
6950,181.52,0.0
6951,181.53,0.0
6952,181.62,0.0
6953,181.75,0.0
6954,181.73,0.0
6955,181.82,0.0
6956,181.67,0.0
6957,181.53,0.0
6958,181.62,0.0
6959,181.67,0.0
6960,181.48,0.0
6961,181.48,0.0
6962,181.34,0.0
6963,181.34,0.0
6964,181.32,0.0
6965,181.33,0.0
6966,181.33,0.0
6967,181.26,0.0
6968,181.12,0.0
6969,181.58,0.0
6970,181.23,0.0
6971,181.27,0.0
6972,181.24,0.0
6973,181.51,0.0
6974,181.46,0.0
6975,181.41,0.0
6976,181.27,0.0
6977,181.39,0.0
6978,181.27,0.0
6979,181.3,0.0
6980,181.28,0.0
6981,181.43,0.0
6982,181.16,0.0
6983,180.99,0.0
6984,181.15,0.0
6985,181.18,0.0
6986,181.04,0.0
6987,180.72,0.0
6988,180.96,0.0
6989,180.97,0.0
6990,180.69,0.0
6991,180.76,0.0
6992,180.76,0.0
6993,180.94,0.0
6994,181.09,0.0
6995,181.04,0.0
6996,180.92,0.0
6997,180.67,0.0
6998,180.7,0.0
6999,180.7,0.0
7000,180.65,0.0
7001,180.59,0.0
7002,180.78,0.0
7003,180.55,0.0
7004,180.63,0.0
7005,180.5,0.0
7006,180.61,0.0
7007,180.48,0.0
7008,180.39,0.0
7009,180.55,0.0
7010,180.53,0.0
7011,180.69,0.0
7012,180.53,0.0
7013,180.49,0.0
7014,180.56,0.0
7015,180.42,0.0
7016,180.34,0.0
7017,180.37,0.0
7018,180.38,0.0
7019,180.34,0.0
7020,180.39,0.0
7021,180.47,0.0
7022,180.46,0.0
7023,180.58,0.0
7024,180.68,0.0
7025,180.46,0.0
7026,180.56,0.0
7027,180.33,0.0
7028,180.34,0.0
7029,180.15,0.0
7030,180.03,0.0
7031,179.98,0.0
7032,179.87,0.0
7033,179.69,0.0
7034,179.64,0.0
7035,179.56,0.0
7036,179.69,0.0
7037,179.67,0.0
7038,179.54,0.0
7039,179.61,0.0
7040,179.56,0.0
7041,179.47,0.0
7042,179.6,0.0
7043,179.55,0.0
7044,179.61,0.0
7045,179.54,0.0
7046,179.49,0.0
7047,179.6,0.0
7048,179.48,0.0
7049,179.74,0.0
7050,179.82,0.0
7051,179.86,0.0
7052,179.79,0.0
7053,179.68,0.0
7054,179.68,0.0
7055,179.91,0.0
7056,179.83,0.0
7057,179.84,0.0
7058,179.93,0.0
7059,180.14,0.0
7060,180.2,0.0
7061,180.25,0.0
7062,179.93,0.0
7063,180.2,0.0
7064,180.14,0.0
7065,180.15,0.0
7066,180.1,0.0
7067,179.96,0.0
7068,180.0,0.0
7069,180.26,0.0
7070,180.05,0.0
7071,180.14,0.0
7072,180.26,0.0
7073,180.04,0.0
7074,179.9,0.0
7075,179.74,0.0
7076,179.75,0.0
7077,179.71,0.0
7078,179.72,0.0
7079,179.69,0.0
7080,179.42,0.0
7081,179.21,0.0
7082,179.09,0.0
7083,179.06,0.0
7084,179.3,0.0
7085,179.48,0.0
7086,179.3,0.0
7087,179.29,0.0
7088,179.22,0.0
7089,179.68,0.0
7090,179.71,0.0
7091,179.75,0.0
7092,179.58,0.0
7093,179.61,0.0
7094,179.58,0.0
7095,179.56,0.0
7096,179.41,0.0
7097,179.45,0.0
7098,179.34,0.0
7099,179.3,0.0
7100,179.24,0.0
7101,179.07,0.0
7102,179.14,0.0
7103,179.09,0.0
7104,179.08,0.0
7105,179.16,0.0
7106,179.1,0.0
7107,179.36,0.0
7108,179.15,0.0
7109,179.13,0.0
7110,179.14,0.0
7111,179.07,0.0
7112,178.93,0.0
7113,178.97,0.0
7114,178.91,0.0
7115,179.06,0.0
7116,178.97,0.0
7117,179.04,0.0
7118,178.89,0.0
7119,178.96,0.0
7120,178.89,0.0
7121,179.15,0.0
7122,178.99,0.0
7123,179.19,0.0
7124,179.36,0.0
7125,179.29,0.0
7126,179.59,0.0
7127,179.39,0.0
7128,179.36,0.0
7129,179.42,0.0
7130,179.28,0.0
7131,179.15,0.0
7132,179.36,0.0
7133,179.19,0.0
7134,179.22,0.0
7135,179.07,0.0
7136,179.13,0.0
7137,179.19,0.0
7138,179.46,0.0
7139,179.13,0.0
7140,178.91,0.0
7141,179.12,0.0
7142,179.09,0.0
7143,179.07,0.0
7144,179.18,0.0
7145,179.05,0.0
7146,179.0,0.0
7147,179.12,0.0
7148,178.76,0.0
7149,178.87,0.0
7150,178.83,0.0
7151,178.8,0.0
7152,178.67,0.0
7153,178.62,0.0
7154,178.6,0.0
7155,178.76,0.0
7156,178.62,0.0
7157,178.64,0.0
7158,178.69,0.0
7159,178.65,0.0
7160,178.71,0.0
7161,178.91,0.0
7162,179.13,0.0
7163,178.9,0.0
7164,179.08,0.0
7165,179.32,0.0
7166,179.57,0.0
7167,179.8,0.0
7168,179.67,0.0
7169,179.66,0.0
7170,179.64,0.0
7171,179.87,0.0
7172,179.86,0.0
7173,179.97,0.0
7174,180.02,0.0
7175,179.99,0.0
7176,180.31,0.0
7177,180.19,0.0
7178,180.32,0.0
7179,179.99,0.0
7180,180.2,0.0
7181,180.25,0.0
7182,180.08,0.0
7183,180.23,0.0
7184,180.01,0.0
7185,180.15,0.0
7186,180.17,0.0
7187,180.32,0.0
7188,180.44,0.0
7189,180.45,0.0
7190,180.63,0.0
7191,180.31,0.0
7192,180.42,0.0
7193,180.41,0.0
7194,180.45,0.0
7195,180.35,0.0
7196,180.3,0.0
7197,180.16,0.0
7198,180.18,0.0
7199,180.2,0.0
7200,180.43,0.0
7201,180.56,0.0
7202,180.55,0.0
7203,180.56,0.0
7204,180.54,0.0
7205,180.47,0.0
7206,180.44,0.0
7207,180.43,0.0
7208,180.26,0.0
7209,180.29,0.0
7210,180.35,0.0
7211,180.31,0.0
7212,180.28,0.0
7213,180.41,0.0
7214,180.32,0.0
7215,180.54,0.0
7216,180.39,0.0
7217,180.47,0.0
7218,180.4,0.0
7219,180.4,0.0
7220,180.45,0.0
7221,180.31,0.0
7222,180.43,0.0
7223,180.56,0.0
7224,180.54,0.0
7225,180.74,0.0
7226,180.46,0.0
7227,180.42,0.0
7228,180.15,0.0
7229,180.1,0.0
7230,180.04,0.0
7231,179.95,0.0
7232,179.92,0.0
7233,179.89,0.0
7234,179.86,0.0
7235,179.99,0.0
7236,180.06,0.0
7237,180.09,0.0
7238,180.05,0.0
7239,180.22,0.0
7240,180.31,0.0
7241,180.15,0.0
7242,180.35,0.0
7243,180.41,0.0
7244,180.49,0.0
7245,180.42,0.0
7246,180.43,0.0
7247,180.45,0.0
7248,180.26,0.0
7249,180.28,0.0
7250,180.21,0.0
7251,180.16,0.0
7252,180.16,0.0
7253,180.03,0.0
7254,180.39,0.0
7255,180.15,0.0
7256,180.41,0.0
7257,180.39,0.0
7258,180.25,0.0
7259,180.31,0.0
7260,180.35,0.0
7261,180.28,0.0
7262,180.47,0.0
7263,180.52,0.0
7264,180.48,0.0
7265,180.42,0.0
7266,180.46,0.0
7267,180.36,0.0
7268,180.31,0.0
7269,180.26,0.0
7270,180.19,0.0
7271,180.15,0.0
7272,179.99,0.0
7273,180.06,0.0
7274,179.81,0.0
7275,179.82,0.0
7276,179.88,0.0
7277,179.94,0.0
7278,179.72,0.0
7279,179.52,0.0
7280,179.51,0.0
7281,179.52,0.0
7282,179.59,0.0
7283,179.74,0.0
7284,179.78,0.0
7285,179.76,0.0
7286,179.64,0.0
7287,179.84,0.0
7288,179.57,0.0
7289,179.95,0.0
7290,179.87,0.0
7291,180.08,0.0
7292,180.35,0.0
7293,180.2,0.0
7294,180.12,0.0
7295,179.87,0.0
7296,179.89,0.0
7297,179.94,0.0
7298,180.16,0.0
7299,180.04,0.0
7300,180.09,0.0
7301,180.0,0.0
7302,180.5,0.0
7303,180.59,0.0
7304,180.4,0.0
7305,180.62,0.0
7306,180.66,0.0
7307,180.64,0.0
7308,180.7,0.0
7309,180.71,0.0
7310,180.74,0.0
7311,180.92,0.0
7312,180.84,0.0
7313,180.76,0.0
7314,180.64,0.0
7315,180.7,0.0
7316,180.89,0.0
7317,181.0,0.0
7318,180.93,0.0
7319,181.03,0.0
7320,181.01,0.0
7321,180.92,0.0
7322,180.91,0.0
7323,180.82,0.0
7324,180.75,0.0
7325,180.62,0.0
7326,180.67,0.0
7327,180.61,0.0
7328,180.64,0.0
7329,180.53,0.0
7330,180.6,0.0
7331,180.5,0.0
7332,180.39,0.0
7333,180.35,0.0
7334,180.41,0.0
7335,180.28,0.0
7336,180.42,0.0
7337,180.48,0.0
7338,180.44,0.0
7339,180.44,0.0
7340,180.53,0.0
7341,180.58,0.0
7342,180.69,0.0
7343,180.36,0.0
7344,180.58,0.0
7345,180.51,0.0
7346,180.39,0.0
7347,180.33,0.0
7348,180.45,0.0
7349,180.43,0.0
7350,180.36,0.0
7351,180.45,0.0
7352,180.61,0.0
7353,180.5,0.0
7354,180.43,0.0
7355,180.38,0.0
7356,180.57,0.0
7357,180.65,0.0
7358,180.71,0.0
7359,180.49,0.0
7360,180.48,0.0
7361,180.71,0.0
7362,180.97,0.0
7363,180.85,0.0
7364,180.89,0.0
7365,181.03,0.0
7366,181.16,0.0
7367,181.14,0.0
7368,180.96,0.0
7369,180.78,0.0
7370,180.68,0.0
7371,180.7,0.0
7372,181.05,0.0
7373,180.96,0.0
7374,180.89,0.0
7375,181.09,0.0
7376,181.18,0.0
7377,181.08,0.0
7378,180.97,0.0
7379,180.99,0.0
7380,180.85,0.0
7381,180.83,0.0
7382,180.82,0.0
7383,180.77,0.0
7384,180.71,0.0
7385,180.83,0.0
7386,180.82,0.0
7387,180.91,0.0
7388,180.86,0.0
7389,180.8,0.0
7390,180.78,0.0
7391,180.74,0.0
7392,180.89,0.0
7393,180.91,0.0
7394,180.99,0.0
7395,181.01,0.0
7396,181.23,0.0
7397,181.47,0.0
7398,181.52,0.0
7399,181.38,0.0
7400,181.31,0.0
7401,181.29,0.0
7402,181.31,0.0
7403,181.36,0.0
7404,181.51,0.0
7405,181.39,0.0
7406,181.29,0.0
7407,181.42,0.0
7408,181.38,0.0
7409,181.42,0.0
7410,181.43,0.0
7411,181.47,0.0
7412,181.57,0.0
7413,181.49,0.0
7414,181.6,0.0
7415,181.39,0.0
7416,181.24,0.0
7417,181.29,0.0
7418,181.22,0.0
7419,181.25,0.0
7420,181.34,0.0
7421,181.51,0.0
7422,181.51,0.0
7423,181.32,0.0
7424,181.41,0.0
7425,181.37,0.0
7426,181.34,0.0
7427,181.41,0.0
7428,181.21,0.0
7429,181.24,0.0
7430,181.61,0.0
7431,181.37,0.0
7432,181.34,0.0
7433,181.29,0.0
7434,181.34,0.0
7435,181.59,0.0
7436,181.5,0.0
7437,181.4,0.0
7438,181.5,0.0
7439,181.32,0.0
7440,181.39,0.0
7441,181.26,0.0
7442,181.31,0.0
7443,181.3,0.0
7444,181.17,0.0
7445,181.15,0.0
7446,181.38,0.0
7447,180.94,0.0
7448,180.96,0.0
7449,181.03,0.0
7450,180.97,0.0
7451,181.09,0.0
7452,181.06,0.0
7453,181.15,0.0
7454,181.02,0.0
7455,180.84,0.0
7456,180.88,0.0
7457,180.92,0.0
7458,180.89,0.0
7459,180.87,0.0
7460,180.97,0.0
7461,181.15,0.0
7462,180.85,0.0
7463,181.16,0.0
7464,181.01,0.0
7465,181.13,0.0
7466,180.98,0.0
7467,181.05,0.0
7468,181.23,0.0
7469,181.27,0.0
7470,181.39,0.0
7471,181.27,0.0
7472,181.05,0.0
7473,181.03,0.0
7474,180.76,0.0
7475,180.65,0.0
7476,180.78,0.0
7477,180.83,0.0
7478,180.69,0.0
7479,180.65,0.0
7480,180.69,0.0
7481,180.58,0.0
7482,180.57,0.0
7483,180.59,0.0
7484,180.63,0.0
7485,180.73,0.0
7486,180.77,0.0
7487,180.69,0.0
7488,180.64,0.0
7489,180.8,0.0
7490,180.75,0.0
7491,181.08,0.0
7492,180.87,0.0
7493,180.79,0.0
7494,180.88,0.0
7495,180.78,0.0
7496,180.87,0.0
7497,180.71,0.0
7498,180.69,0.0
7499,180.85,0.0
7500,180.79,0.0
7501,180.89,0.0
7502,180.97,0.0
7503,180.94,0.0
7504,180.95,0.0
7505,180.78,0.0
7506,181.0,0.0
7507,180.96,0.0
7508,181.0,0.0
7509,180.95,0.0
7510,180.83,0.0
7511,180.87,0.0
7512,180.98,0.0
7513,181.28,0.0
7514,181.2,0.0
7515,181.41,0.0
7516,181.45,0.0
7517,181.58,0.0
7518,181.84,0.0
7519,181.84,0.0
7520,181.64,0.0
7521,181.49,0.0
7522,181.33,0.0
7523,181.54,0.0
7524,181.43,0.0
7525,181.54,0.0
7526,181.37,0.0
7527,181.31,0.0
7528,181.39,0.0
7529,181.23,0.0
7530,181.17,0.0
7531,181.35,0.0
7532,181.64,0.0
7533,181.77,0.0
7534,181.31,0.0
7535,181.67,0.0
7536,181.53,0.0
7537,181.64,0.0
7538,181.56,0.0
7539,181.65,0.0
7540,181.54,0.0
7541,181.55,0.0
7542,181.8,0.0
7543,181.82,0.0
7544,181.79,0.0
7545,181.74,0.0
7546,181.79,0.0
7547,181.97,0.0
7548,182.03,0.0
7549,182.02,0.0
7550,182.05,0.0
7551,181.81,0.0
7552,182.18,0.0
7553,182.25,0.0
7554,182.07,0.0
7555,182.06,0.0
7556,181.92,0.0
7557,181.77,0.0
7558,181.73,0.0
7559,181.54,0.0
7560,181.58,0.0
7561,181.57,0.0
7562,181.58,0.0
7563,181.78,0.0
7564,181.84,0.0
7565,181.62,0.0
7566,181.88,0.0
7567,181.98,0.0
7568,182.05,0.0
7569,181.88,0.0
7570,181.86,0.0
7571,181.99,0.0
7572,181.86,0.0
7573,181.92,0.0
7574,181.89,0.0
7575,181.79,0.0
7576,181.84,0.0
7577,182.05,0.0
7578,181.82,0.0
7579,181.69,0.0
7580,181.55,0.0
7581,181.72,0.0
7582,181.56,0.0
7583,181.5,0.0
7584,181.63,0.0
7585,181.75,0.0
7586,181.74,0.0
7587,181.63,0.0
7588,181.94,0.0
7589,181.76,0.0
7590,181.63,0.0
7591,181.64,0.0
7592,181.57,0.0
7593,181.7,0.0
7594,181.79,0.0
7595,181.89,0.0
7596,181.88,0.0
7597,181.92,0.0
7598,181.92,0.0
7599,181.6,0.0
7600,181.83,0.0
7601,181.92,0.0
7602,182.0,0.0
7603,181.85,0.0
7604,181.95,0.0
7605,181.95,0.0
7606,182.05,0.0
7607,181.99,0.0
7608,181.85,0.0
7609,182.02,0.0
7610,182.06,0.0
7611,182.21,0.0
7612,182.18,0.0
7613,182.27,0.0
7614,182.2,0.0
7615,182.33,0.0
7616,182.26,0.0
7617,182.43,0.0
7618,182.3,0.0
7619,182.16,0.0
7620,182.1,0.0
7621,182.18,0.0
7622,182.21,0.0
7623,182.14,0.0
7624,181.99,0.0
7625,182.2,0.0
7626,182.41,0.0
7627,182.42,0.0
7628,182.56,0.0
7629,182.57,0.0
7630,182.69,0.0
7631,182.88,0.0
7632,182.69,0.0
7633,182.77,0.0
7634,182.75,0.0
7635,182.8,0.0
7636,182.94,0.0
7637,183.0,0.0
7638,183.07,0.0
7639,182.9,0.0
7640,183.0,0.0
7641,183.37,0.0
7642,183.42,0.0
7643,183.63,0.0
7644,183.41,0.0
7645,183.37,0.0
7646,183.25,0.0
7647,183.2,0.0
7648,183.18,0.0
7649,183.17,0.0
7650,183.34,0.0
7651,183.23,0.0
7652,183.03,0.0
7653,183.14,0.0
7654,183.18,0.0
7655,182.93,0.0
7656,183.1,0.0
7657,182.97,0.0
7658,182.93,0.0
7659,183.1,0.0
7660,183.0,0.0
7661,183.0,0.0
7662,182.98,0.0
7663,182.91,0.0
7664,182.85,0.0
7665,182.85,0.0
7666,182.88,0.0
7667,182.76,0.0
7668,182.78,0.0
7669,182.7,0.0
7670,182.71,0.0
7671,182.7,0.0
7672,182.94,0.0
7673,182.92,0.0
7674,183.11,0.0
7675,182.67,0.0
7676,182.82,0.0
7677,182.9,0.0
7678,182.86,0.0
7679,182.86,0.0
7680,182.71,0.0
7681,182.84,0.0
7682,182.83,0.0
7683,182.88,0.0
7684,182.77,0.0
7685,182.75,0.0
7686,182.76,0.0
7687,182.79,0.0
7688,182.82,0.0
7689,182.79,0.0
7690,182.81,0.0
7691,182.9,0.0
7692,182.81,0.0
7693,183.02,0.0
7694,182.88,0.0
7695,182.76,0.0
7696,182.67,0.0
7697,182.86,0.0
7698,182.44,0.0
7699,182.81,0.0
7700,182.87,0.0
7701,182.96,0.0
7702,183.19,0.0
7703,183.27,0.0
7704,183.18,0.0
7705,183.07,0.0
7706,183.05,0.0
7707,182.83,0.0
7708,182.89,0.0
7709,182.85,0.0
7710,182.89,0.0
7711,182.87,0.0
7712,183.16,0.0
7713,183.14,0.0
7714,183.04,0.0
7715,182.9,0.0
7716,183.01,0.0
7717,183.24,0.0
7718,183.25,0.0
7719,182.98,0.0
7720,183.0,0.0
7721,183.05,0.0
7722,182.93,0.0
7723,182.78,0.0
7724,182.9,0.0
7725,183.12,0.0
7726,183.15,0.0
7727,182.93,0.0
7728,183.11,0.0
7729,183.11,0.0
7730,182.82,0.0
7731,182.89,0.0
7732,183.05,0.0
7733,183.27,0.0
7734,183.39,0.0
7735,183.31,0.0
7736,183.22,0.0
7737,183.1,0.0
7738,183.13,0.0
7739,183.05,0.0
7740,183.0,0.0
7741,183.06,0.0
7742,182.97,0.0
7743,183.13,0.0
7744,182.85,0.0
7745,183.11,0.0
7746,183.24,0.0
7747,183.06,0.0
7748,183.23,0.0
7749,183.45,0.0
7750,183.52,0.0
7751,183.52,0.0
7752,183.25,0.0
7753,183.35,0.0
7754,183.3,0.0
7755,183.51,0.0
7756,183.26,0.0
7757,183.27,0.0
7758,183.53,0.0
7759,183.38,0.0
7760,183.37,0.0
7761,183.45,0.0
7762,183.44,0.0
7763,183.64,0.0
7764,183.7,0.0
7765,183.68,0.0
7766,183.64,0.0
7767,183.67,0.0
7768,183.76,0.0
7769,183.74,0.0
7770,183.85,0.0
7771,183.97,0.0
7772,184.02,0.0
7773,183.82,0.0
7774,183.87,0.0
7775,183.85,0.0
7776,183.7,0.0
7777,183.86,0.0
7778,183.83,0.0
7779,183.95,0.0
7780,183.9,0.0
7781,183.86,0.0
7782,183.85,0.0
7783,183.82,0.0
7784,183.89,0.0
7785,183.76,0.0
7786,183.73,0.0
7787,183.56,0.0
7788,183.45,0.0
7789,183.6,0.0
7790,183.73,0.0
7791,183.51,0.0
7792,183.49,0.0
7793,183.49,0.0
7794,183.63,0.0
7795,183.44,0.0
7796,183.53,0.0
7797,183.72,0.0
7798,183.65,0.0
7799,183.78,0.0
7800,183.8,0.0
7801,183.8,0.0
7802,183.93,0.0
7803,183.96,0.0
7804,183.88,0.0
7805,183.71,0.0
7806,183.66,0.0
7807,183.39,0.0
7808,183.46,0.0
7809,183.29,0.0
7810,183.7,0.0
7811,183.65,0.0
7812,183.77,0.0
7813,183.7,0.0
7814,183.86,0.0
7815,183.89,0.0
7816,183.87,0.0
7817,183.76,0.0
7818,183.83,0.0
7819,183.9,0.0
7820,183.8,0.0
7821,184.05,0.0
7822,184.06,0.0
7823,184.25,0.0
7824,184.27,0.0
7825,184.09,0.0
7826,184.19,0.0
7827,184.22,0.0
7828,184.23,0.0
7829,184.19,0.0
7830,184.13,0.0
7831,183.98,0.0
7832,184.05,0.0
7833,184.11,0.0
7834,184.16,0.0
7835,184.3,0.0
7836,184.15,0.0
7837,184.28,0.0
7838,184.53,0.0
7839,184.29,0.0
7840,184.67,0.0
7841,184.46,0.0
7842,184.52,0.0
7843,184.37,0.0
7844,184.32,0.0
7845,184.3,0.0
7846,184.48,0.0
7847,184.47,0.0
7848,184.44,0.0
7849,184.34,0.0
7850,184.43,0.0
7851,184.43,0.0
7852,184.51,0.0
7853,184.59,0.0
7854,184.59,0.0
7855,184.74,0.0
7856,184.65,0.0
7857,184.7,0.0
7858,184.8,0.0
7859,184.83,0.0
7860,184.7,0.0
7861,184.83,0.0
7862,184.71,0.0
7863,184.84,0.0
7864,184.67,0.0
7865,184.53,0.0
7866,184.48,0.0
7867,184.37,0.0
7868,184.51,0.0
7869,184.53,0.0
7870,184.53,0.0
7871,184.59,0.0
7872,184.4,0.0
7873,184.52,0.0
7874,184.52,0.0
7875,184.7,0.0
7876,184.53,0.0
7877,184.5,0.0
7878,184.87,0.0
7879,184.56,0.0
7880,184.65,0.0
7881,184.59,0.0
7882,184.87,0.0
7883,184.92,0.0
7884,185.01,0.0
7885,185.2,0.0
7886,185.1,0.0
7887,185.31,0.0
7888,185.17,0.0
7889,185.23,0.0
7890,185.13,0.0
7891,185.48,0.0
7892,185.44,0.0
7893,185.51,0.0
7894,185.45,0.0
7895,185.58,0.0
7896,185.53,0.0
7897,185.47,0.0
7898,185.7,0.0
7899,185.51,0.0
7900,185.48,0.0
7901,185.52,0.0
7902,185.97,0.0
7903,185.77,0.0
7904,185.99,0.0
7905,185.94,0.0
7906,185.92,0.0
7907,185.72,0.0
7908,185.68,0.0
7909,185.74,0.0
7910,185.88,0.0
7911,186.0,0.0
7912,186.03,0.0
7913,186.25,0.0
7914,186.15,0.0
7915,186.15,0.0
7916,186.16,0.0
7917,185.96,0.0
7918,186.19,0.0
7919,186.25,0.0
7920,186.19,0.0
7921,185.97,0.0
7922,185.86,0.0
7923,185.94,0.0
7924,186.06,0.0
7925,186.09,0.0
7926,185.79,0.0
7927,185.67,0.0
7928,185.74,0.0
7929,185.64,0.0
7930,185.53,0.0
7931,185.66,0.0
7932,185.46,0.0
7933,185.75,0.0
7934,185.67,0.0
7935,185.68,0.0
7936,185.63,0.0
7937,185.85,0.0
7938,185.85,0.0
7939,186.06,0.0
7940,186.21,0.0
7941,185.95,0.0
7942,185.9,0.0
7943,185.79,0.0
7944,185.67,0.0
7945,185.88,0.0
7946,185.91,0.0
7947,185.76,0.0
7948,185.67,0.0
7949,185.54,0.0
7950,185.72,0.0
7951,185.67,0.0
7952,185.55,0.0
7953,185.51,0.0
7954,185.41,0.0
7955,185.31,0.0
7956,185.3,0.0
7957,185.48,0.0
7958,185.56,0.0
7959,185.58,0.0
7960,185.48,0.0
7961,185.28,0.0
7962,185.41,0.0
7963,185.29,0.0
7964,185.49,0.0
7965,185.55,0.0
7966,185.41,0.0
7967,185.35,0.0
7968,185.27,0.0
7969,185.16,0.0
7970,185.25,0.0
7971,185.26,0.0
7972,185.21,0.0
7973,185.21,0.0
7974,185.09,0.0
7975,184.91,0.0
7976,184.84,0.0
7977,185.0,0.0
7978,185.11,0.0
7979,184.94,0.0
7980,185.22,0.0
7981,185.12,0.0
7982,185.15,0.0
7983,185.16,0.0
7984,185.18,0.0
7985,185.39,0.0
7986,185.47,0.0
7987,185.53,0.0
7988,185.85,0.0
7989,185.64,0.0
7990,185.8,0.0
7991,185.74,0.0
7992,185.68,0.0
7993,185.89,0.0
7994,185.81,0.0
7995,185.84,0.0
7996,185.84,0.0
7997,185.95,0.0
7998,185.9,0.0
7999,185.91,0.0
8000,185.84,0.0
8001,185.96,0.0
8002,185.98,0.0
8003,186.07,0.0
8004,185.94,0.0
8005,185.79,0.0
8006,186.17,0.0
8007,185.91,0.0
8008,186.05,0.0
8009,186.12,0.0
8010,186.24,0.0
8011,186.29,0.0
8012,186.2,0.0
8013,186.33,0.0
8014,186.25,0.0
8015,186.18,0.0
8016,186.36,0.0
8017,186.46,0.0
8018,186.29,0.0
8019,186.33,0.0
8020,186.41,0.0
8021,186.53,0.0
8022,186.66,0.0
8023,186.72,0.0
8024,186.56,0.0
8025,186.49,0.0
8026,186.58,0.0
8027,186.51,0.0
8028,186.65,0.0
8029,186.72,0.0
8030,186.66,0.0
8031,186.87,0.0
8032,186.89,0.0
8033,186.92,0.0
8034,186.8,0.0
8035,186.96,0.0
8036,187.13,0.0
8037,187.23,0.0
8038,187.29,0.0
8039,187.32,0.0
8040,187.43,0.0
8041,187.17,0.0
8042,187.2,0.0
8043,187.27,0.0
8044,187.3,0.0
8045,187.08,0.0
8046,187.04,0.0
8047,187.04,0.0
8048,186.87,0.0
8049,186.82,0.0
8050,186.78,0.0
8051,186.87,0.0
8052,186.75,0.0
8053,186.72,0.0
8054,186.83,0.0
8055,186.86,0.0
8056,186.87,0.0
8057,186.8,0.0
8058,186.74,0.0
8059,186.79,0.0
8060,186.92,0.0
8061,186.84,0.0
8062,186.88,0.0
8063,187.02,0.0
8064,186.94,0.0
8065,186.84,0.0
8066,187.1,0.0
8067,187.06,0.0
8068,187.03,0.0
8069,187.15,0.0
8070,187.24,0.0
8071,187.07,0.0
8072,186.98,0.0
8073,186.79,0.0
8074,186.77,0.0
8075,186.78,0.0
8076,186.74,0.0
8077,186.77,0.0
8078,186.74,0.0
8079,186.54,0.0
8080,186.55,0.0
8081,186.58,0.0
8082,186.5,0.0
8083,186.37,0.0
8084,186.36,0.0
8085,186.5,0.0
8086,186.54,0.0
8087,186.47,0.0
8088,186.51,0.0
8089,186.48,0.0
8090,186.5,0.0
8091,186.38,0.0
8092,186.41,0.0
8093,186.42,0.0
8094,186.41,0.0
8095,186.37,0.0
8096,186.51,0.0
8097,186.44,0.0
8098,186.36,0.0
8099,186.45,0.0
8100,186.54,0.0
8101,186.48,0.0
8102,186.58,0.0
8103,186.62,0.0
8104,186.41,0.0
8105,186.28,0.0
8106,186.24,0.0
8107,186.47,0.0
8108,186.45,0.0
8109,186.56,0.0
8110,186.65,0.0
8111,186.63,0.0
8112,186.61,0.0
8113,186.57,0.0
8114,186.69,0.0
8115,186.9,0.0
8116,186.85,0.0
8117,186.85,0.0
8118,186.96,0.0
8119,186.76,0.0
8120,186.87,0.0
8121,186.65,0.0
8122,186.81,0.0
8123,186.86,0.0
8124,186.82,0.0
8125,186.98,0.0
8126,187.03,0.0
8127,187.02,0.0
8128,186.86,0.0
8129,186.96,0.0
8130,186.89,0.0
8131,186.96,0.0
8132,187.15,0.0
8133,187.25,0.0
8134,187.1,0.0
8135,187.18,0.0
8136,187.31,0.0
8137,187.38,0.0
8138,187.43,0.0
8139,187.5,0.0
8140,187.68,0.0
8141,187.72,0.0
8142,187.76,0.0
8143,187.44,0.0
8144,187.47,0.0
8145,187.41,0.0
8146,187.39,0.0
8147,187.33,0.0
8148,187.4,0.0
8149,187.33,0.0
8150,187.35,0.0
8151,187.33,0.0
8152,187.39,0.0
8153,187.47,0.0
8154,187.5,0.0
8155,187.24,0.0
8156,187.12,0.0
8157,187.27,0.0
8158,187.45,0.0
8159,187.5,0.0
8160,187.72,0.0
8161,187.81,0.0
8162,187.96,0.0
8163,188.2,0.0
8164,188.28,0.0
8165,188.36,0.0
8166,188.38,0.0
8167,188.48,0.0
8168,188.62,0.0
8169,188.25,0.0
8170,188.19,0.0
8171,188.06,0.0
8172,188.33,0.0
8173,188.03,0.0
8174,188.15,0.0
8175,188.1,0.0
8176,188.23,0.0
8177,188.22,0.0
8178,188.43,0.0
8179,188.47,0.0
8180,188.31,0.0
8181,188.2,0.0
8182,188.3,0.0
8183,188.43,0.0
8184,188.36,0.0
8185,188.31,0.0
8186,188.35,0.0
8187,188.36,0.0
8188,188.07,0.0
8189,188.21,0.0
8190,188.35,0.0
8191,188.33,0.0
8192,188.18,0.0
8193,188.16,0.0
8194,188.23,0.0
8195,188.34,0.0
8196,188.23,0.0
8197,188.16,0.0
8198,188.34,0.0
8199,188.23,0.0
8200,188.17,0.0
8201,188.11,0.0
8202,188.05,0.0
8203,188.04,0.0
8204,188.09,0.0
8205,188.19,0.0
8206,188.14,0.0
8207,188.07,0.0
8208,188.32,0.0
8209,188.18,0.0
8210,188.19,0.0
8211,188.31,0.0
8212,188.19,0.0
8213,188.18,0.0
8214,188.32,0.0
8215,188.4,0.0
8216,188.22,0.0
8217,188.18,0.0
8218,188.29,0.0
8219,188.35,0.0
8220,188.35,0.0
8221,188.39,0.0
8222,188.25,0.0
8223,188.35,0.0
8224,188.4,0.0
8225,188.21,0.0
8226,188.22,0.0
8227,188.47,0.0
8228,188.67,0.0
8229,188.59,0.0
8230,188.73,0.0
8231,188.83,0.0
8232,188.67,0.0
8233,188.49,0.0
8234,188.47,0.0
8235,188.47,0.0
8236,188.57,0.0
8237,188.53,0.0
8238,188.31,0.0
8239,188.27,0.0
8240,188.3,0.0
8241,188.33,0.0
8242,188.42,0.0
8243,188.69,0.0
8244,188.51,0.0
8245,188.56,0.0
8246,188.59,0.0
8247,188.37,0.0
8248,188.66,0.0
8249,188.69,0.0
8250,188.85,0.0
8251,188.81,0.0
8252,188.95,0.0
8253,188.94,0.0
8254,188.74,0.0
8255,188.91,0.0
8256,188.88,0.0
8257,188.99,0.0
8258,189.02,0.0
8259,189.06,0.0
8260,189.08,0.0
8261,189.18,0.0
8262,189.31,0.0
8263,189.31,0.0
8264,189.53,0.0
8265,189.28,0.0
8266,189.27,0.0
8267,189.44,0.0
8268,189.33,0.0
8269,189.54,0.0
8270,189.65,0.0
8271,189.69,0.0
8272,189.63,0.0
8273,189.37,0.0
8274,189.35,0.0
8275,189.44,0.0
8276,189.65,0.0
8277,189.66,0.0
8278,189.59,0.0
8279,189.56,0.0
8280,189.57,0.0
8281,189.55,0.0
8282,189.43,0.0
8283,189.29,0.0
8284,188.99,0.0
8285,188.94,0.0
8286,189.01,0.0
8287,189.05,0.0
8288,189.23,0.0
8289,189.36,0.0
8290,189.35,0.0
8291,189.28,0.0
8292,189.18,0.0
8293,189.08,0.0
8294,189.04,0.0
8295,189.02,0.0
8296,189.05,0.0
8297,188.7,0.0
8298,188.96,0.0
8299,188.91,0.0
8300,188.97,0.0
8301,188.75,0.0
8302,188.99,0.0
8303,188.99,0.0
8304,189.14,0.0
8305,188.82,0.0
8306,188.65,0.0
8307,188.8,0.0
8308,188.63,0.0
8309,188.82,0.0
8310,188.77,0.0
8311,188.84,0.0
8312,188.84,0.0
8313,188.89,0.0
8314,188.96,0.0
8315,188.81,0.0
8316,188.72,0.0
8317,189.0,0.0
8318,188.92,0.0
8319,188.8,0.0
8320,188.86,0.0
8321,188.93,0.0
8322,188.99,0.0
8323,188.83,0.0
8324,188.89,0.0
8325,188.84,0.0
8326,188.95,0.0
8327,188.8,0.0
8328,189.05,0.0
8329,188.87,0.0
8330,189.01,0.0
8331,189.23,0.0
8332,189.15,0.0
8333,189.29,0.0
8334,189.45,0.0
8335,189.21,0.0
8336,189.11,0.0
8337,189.29,0.0
8338,189.26,0.0
8339,189.32,0.0
8340,189.36,0.0
8341,189.1,0.0
8342,189.24,0.0
8343,189.09,0.0
8344,188.89,0.0
8345,188.65,0.0
8346,188.84,0.0
8347,188.81,0.0
8348,188.96,0.0
8349,188.99,0.0
8350,188.73,0.0
8351,188.96,0.0
8352,188.97,0.0
8353,189.13,0.0
8354,189.18,0.0
8355,189.26,0.0
8356,189.05,0.0
8357,189.13,0.0
8358,189.18,0.0
8359,189.21,0.0
8360,189.08,0.0
8361,188.92,0.0
8362,188.92,0.0
8363,188.9,0.0
8364,188.85,0.0
8365,189.0,0.0
8366,189.23,0.0
8367,189.05,0.0
8368,189.15,0.0
8369,189.13,0.0
8370,189.0,0.0
8371,188.87,0.0
8372,188.9,0.0
8373,189.0,0.0
8374,189.09,0.0
8375,189.14,0.0
8376,189.02,0.0
8377,189.03,0.0
8378,188.76,0.0
8379,188.88,0.0
8380,188.97,0.0
8381,189.0,0.0
8382,188.98,0.0
8383,188.82,0.0
8384,188.78,0.0
8385,188.72,0.0
8386,188.64,0.0
8387,188.86,0.0
8388,188.83,0.0
8389,189.06,0.0
8390,188.8,0.0
8391,188.79,0.0
8392,189.0,0.0
8393,189.12,0.0
8394,189.1,0.0
8395,188.9,0.0
8396,188.82,0.0
8397,188.73,0.0
8398,188.63,0.0
8399,188.73,0.0
8400,188.68,0.0
8401,188.8,0.0
8402,188.71,0.0
8403,188.27,0.0
8404,188.5,0.0
8405,188.65,0.0
8406,188.69,0.0
8407,188.54,0.0
8408,188.53,0.0
8409,188.23,0.0
8410,188.21,0.0
8411,188.29,0.0
8412,188.35,0.0
8413,188.28,0.0
8414,188.56,0.0
8415,188.3,0.0
8416,188.48,0.0
8417,188.43,0.0
8418,188.36,0.0
8419,188.28,0.0
8420,188.12,0.0
8421,188.05,0.0
8422,187.88,0.0
8423,188.07,0.0
8424,188.13,0.0
8425,187.96,0.0
8426,188.15,0.0
8427,188.08,0.0
8428,188.03,0.0
8429,188.09,0.0
8430,188.38,0.0
8431,188.12,0.0
8432,188.17,0.0
8433,188.4,0.0
8434,188.45,0.0
8435,188.54,0.0
8436,188.56,0.0
8437,188.31,0.0
8438,188.41,0.0
8439,188.63,0.0
8440,188.4,0.0
8441,188.34,0.0
8442,188.37,0.0
8443,188.48,0.0
8444,188.4,0.0
8445,188.2,0.0
8446,188.18,0.0
8447,188.42,0.0
8448,188.29,0.0
8449,188.49,0.0
8450,188.44,0.0
8451,188.55,0.0
8452,188.57,0.0
8453,188.53,0.0
8454,188.46,0.0
8455,188.57,0.0
8456,188.73,0.0
8457,188.67,0.0
8458,188.72,0.0
8459,188.81,0.0
8460,188.82,0.0
8461,188.66,0.0
8462,188.75,0.0
8463,188.71,0.0
8464,188.73,0.0
8465,188.8,0.0
8466,188.79,0.0
8467,188.95,0.0
8468,188.81,0.0
8469,188.8,0.0
8470,188.72,0.0
8471,188.65,0.0
8472,188.71,0.0
8473,188.65,0.0
8474,188.68,0.0
8475,188.74,0.0
8476,188.8,0.0
8477,188.66,0.0
8478,188.57,0.0
8479,188.8,0.0
8480,188.82,0.0
8481,188.84,0.0
8482,188.83,0.0
8483,188.61,0.0
8484,188.45,0.0
8485,188.7,0.0
8486,188.71,0.0
8487,188.58,0.0
8488,188.53,0.0
8489,188.33,0.0
8490,188.2,0.0
8491,188.32,0.0
8492,188.38,0.0
8493,188.38,0.0
8494,188.23,0.0
8495,188.28,0.0
8496,188.32,0.0
8497,188.29,0.0
8498,188.25,0.0
8499,188.47,0.0
8500,188.49,0.0
8501,188.5,0.0
8502,188.46,0.0
8503,188.45,0.0
8504,188.39,0.0
8505,188.36,0.0
8506,188.12,0.0
8507,188.12,0.0
8508,188.08,0.0
8509,188.29,0.0
8510,188.41,0.0
8511,188.53,0.0
8512,188.46,0.0
8513,188.5,0.0
8514,188.52,0.0
8515,188.66,0.0
8516,188.93,0.0
8517,188.8,0.0
8518,188.75,0.0
8519,188.66,0.0
8520,188.75,0.0
8521,188.66,0.0
8522,188.87,0.0
8523,188.77,0.0
8524,188.91,0.0
8525,188.96,0.0
8526,188.99,0.0
8527,188.91,0.0
8528,188.84,0.0
8529,188.92,0.0
8530,188.83,0.0
8531,188.99,0.0
8532,188.98,0.0
8533,188.88,0.0
8534,189.04,0.0
8535,188.74,0.0
8536,188.97,0.0
8537,188.93,0.0
8538,189.11,0.0
8539,188.82,0.0
8540,188.94,0.0
8541,188.74,0.0
8542,188.87,0.0
8543,189.1,0.0
8544,189.11,0.0
8545,189.0,0.0
8546,188.6,0.0
8547,188.69,0.0
8548,188.84,0.0
8549,189.01,0.0
8550,188.79,0.0
8551,188.98,0.0
8552,188.74,0.0
8553,188.63,0.0
8554,188.42,0.0
8555,188.51,0.0
8556,188.53,0.0
8557,188.64,0.0
8558,188.74,0.0
8559,188.71,0.0
8560,188.99,0.0
8561,189.15,0.0
8562,188.98,0.0
8563,189.03,0.0
8564,189.06,0.0
8565,189.12,0.0
8566,189.05,0.0
8567,189.08,0.0
8568,189.12,0.0
8569,188.93,0.0
8570,189.09,0.0
8571,189.0,0.0
8572,189.11,0.0
8573,188.95,0.0
8574,189.34,0.0
8575,189.27,0.0
8576,189.04,0.0
8577,189.21,0.0
8578,189.26,0.0
8579,189.56,0.0
8580,189.52,0.0
8581,189.59,0.0
8582,189.69,0.0
8583,189.84,0.0
8584,189.94,0.0
8585,189.97,0.0
8586,190.07,0.0
8587,190.08,0.0
8588,190.04,0.0
8589,190.12,0.0
8590,189.84,0.0
8591,189.79,0.0
8592,189.8,0.0
8593,189.66,0.0
8594,189.72,0.0
8595,189.63,0.0
8596,189.63,0.0
8597,189.3,0.0
8598,189.36,0.0
8599,189.55,0.0
8600,189.47,0.0
8601,189.57,0.0
8602,189.62,0.0
8603,189.59,0.0
8604,189.6,0.0
8605,189.43,0.0
8606,189.7,0.0
8607,189.91,0.0
8608,189.93,0.0
8609,189.91,0.0
8610,189.79,0.0
8611,189.62,0.0
8612,189.64,0.0
8613,189.8,0.0
8614,189.83,0.0
8615,189.73,0.0
8616,189.76,0.0
8617,189.65,0.0
8618,189.65,0.0
8619,189.73,0.0
8620,189.65,0.0
8621,189.72,0.0
8622,189.75,0.0
8623,189.76,0.0
8624,189.55,0.0
8625,189.44,0.0
8626,189.51,0.0
8627,189.49,0.0
8628,189.38,0.0
8629,189.3,0.0
8630,189.34,0.0
8631,189.4,0.0
8632,189.4,0.0
8633,189.34,0.0
8634,189.23,0.0
8635,189.43,0.0
8636,189.45,0.0
8637,189.34,0.0
8638,189.33,0.0
8639,189.54,0.0
8640,189.48,0.0
8641,189.5,0.0
8642,189.52,0.0
8643,189.52,0.0
8644,189.74,0.0
8645,189.66,0.0
8646,189.66,0.0
8647,189.7,0.0
8648,189.92,0.0
8649,189.92,0.0
8650,189.87,0.0
8651,190.12,0.0
8652,190.13,0.0
8653,190.11,0.0
8654,190.01,0.0
8655,189.91,0.0
8656,189.85,0.0
8657,189.66,0.0
8658,189.78,0.0
8659,190.0,0.0
8660,189.96,0.0
8661,189.8,0.0
8662,189.78,0.0
8663,189.59,0.0
8664,189.68,0.0
8665,189.57,0.0
8666,189.6,0.0
8667,189.59,0.0
8668,189.56,0.0
8669,189.73,0.0
8670,189.82,0.0
8671,189.75,0.0
8672,189.66,0.0
8673,189.62,0.0
8674,189.65,0.0
8675,189.53,0.0
8676,189.68,0.0
8677,189.62,0.0
8678,189.68,0.0
8679,189.97,0.0
8680,189.97,0.0
8681,189.94,0.0
8682,189.89,0.0
8683,190.18,0.0
8684,190.0,0.0
8685,190.15,0.0
8686,190.16,0.0
8687,190.19,0.0
8688,190.05,0.0
8689,190.01,0.0
8690,190.04,0.0
8691,190.03,0.0
8692,190.23,0.0
8693,190.35,0.0
8694,190.34,0.0
8695,190.6,0.0
8696,190.59,0.0
8697,190.54,0.0
8698,190.43,0.0
8699,190.54,0.0
8700,190.48,0.0
8701,190.38,0.0
8702,190.27,0.0
8703,190.45,0.0
8704,190.54,0.0
8705,190.56,0.0
8706,190.72,0.0
8707,190.62,0.0
8708,190.75,0.0
8709,190.67,0.0
8710,190.92,0.0
8711,191.09,0.0
8712,191.11,0.0
8713,191.06,0.0
8714,191.03,0.0
8715,190.85,0.0
8716,191.02,0.0
8717,191.04,0.0
8718,190.96,0.0
8719,190.89,0.0
8720,190.81,0.0
8721,190.55,0.0
8722,190.74,0.0
8723,190.71,0.0
8724,190.75,0.0
8725,190.84,0.0
8726,190.74,0.0
8727,190.64,0.0
8728,190.73,0.0
8729,190.89,0.0
8730,190.77,0.0
8731,190.91,0.0
8732,190.78,0.0
8733,190.63,0.0
8734,190.7,0.0
8735,190.93,0.0
8736,190.91,0.0
8737,190.85,0.0
8738,190.88,0.0
8739,190.78,0.0
8740,190.8,0.0
8741,190.84,0.0
8742,190.79,0.0
8743,190.92,0.0
8744,190.98,0.0
8745,190.92,0.0
8746,190.89,0.0
8747,191.16,0.0
8748,191.36,0.0
8749,191.11,0.0
8750,191.25,0.0
8751,191.24,0.0
8752,191.34,0.0
8753,191.48,0.0
8754,191.41,0.0
8755,191.41,0.0
8756,191.62,0.0
8757,191.67,0.0
8758,191.71,0.0
8759,191.55,0.0
8760,191.62,0.0
8761,191.57,0.0
8762,191.29,0.0
8763,191.41,0.0
8764,191.48,0.0
8765,191.7,0.0
8766,191.47,0.0
8767,191.43,0.0
8768,191.34,0.0
8769,191.41,0.0
8770,191.34,0.0
8771,191.23,0.0
8772,191.23,0.0
8773,191.34,0.0
8774,191.31,0.0
8775,191.4,0.0
8776,191.44,0.0
8777,191.56,0.0
8778,191.8,0.0
8779,191.88,0.0
8780,191.93,0.0
8781,191.83,0.0
8782,191.89,0.0
8783,191.84,0.0
8784,192.08,0.0
8785,192.22,0.0
8786,192.19,0.0
8787,191.97,0.0
8788,192.11,0.0
8789,191.89,0.0
8790,191.96,0.0
8791,192.18,0.0
8792,192.31,0.0
8793,192.63,0.0
8794,192.65,0.0
8795,192.44,0.0
8796,192.36,0.0
8797,192.4,0.0
8798,192.41,0.0
8799,192.32,0.0
8800,192.34,0.0
8801,192.42,0.0
8802,192.49,0.0
8803,192.5,0.0
8804,192.46,0.0
8805,192.34,0.0
8806,192.48,0.0
8807,192.44,0.0
8808,192.59,0.0
8809,192.42,0.0
8810,192.46,0.0
8811,192.59,0.0
8812,192.64,0.0
8813,192.54,0.0
8814,192.36,0.0
8815,192.1,0.0
8816,192.03,0.0
8817,192.23,0.0
8818,192.24,0.0
8819,192.19,0.0
8820,192.28,0.0
8821,192.28,0.0
8822,192.33,0.0
8823,192.48,0.0
8824,192.32,0.0
8825,192.19,0.0
8826,192.36,0.0
8827,192.41,0.0
8828,192.26,0.0
8829,192.35,0.0
8830,192.32,0.0
8831,192.36,0.0
8832,192.59,0.0
8833,192.68,0.0
8834,192.71,0.0
8835,192.58,0.0
8836,192.53,0.0
8837,192.83,0.0
8838,192.58,0.0
8839,192.65,0.0
8840,192.62,0.0
8841,192.57,0.0
8842,192.62,0.0
8843,192.68,0.0
8844,192.54,0.0
8845,192.59,0.0
8846,192.5,0.0
8847,192.67,0.0
8848,192.56,0.0
8849,192.71,0.0
8850,192.65,0.0
8851,192.48,0.0
8852,192.53,0.0
8853,192.43,0.0
8854,192.3,0.0
8855,192.32,0.0
8856,192.53,0.0
8857,192.32,0.0
8858,192.47,0.0
8859,192.46,0.0
8860,192.29,0.0
8861,192.28,0.0
8862,192.13,0.0
8863,192.3,0.0
8864,192.27,0.0
8865,192.33,0.0
8866,192.27,0.0
8867,192.21,0.0
8868,192.48,0.0
8869,192.29,0.0
8870,192.24,0.0
8871,192.28,0.0
8872,192.42,0.0
8873,192.31,0.0
8874,192.24,0.0
8875,192.14,0.0
8876,192.15,0.0
8877,192.17,0.0
8878,192.18,0.0
8879,192.31,0.0
8880,192.22,0.0
8881,192.0,0.0
8882,192.14,0.0
8883,192.09,0.0
8884,192.28,0.0
8885,192.44,0.0
8886,192.37,0.0
8887,192.35,0.0
8888,192.5,0.0
8889,192.32,0.0
8890,192.26,0.0
8891,192.21,0.0
8892,192.36,0.0
8893,192.43,0.0
8894,192.31,0.0
8895,192.38,0.0
8896,192.3,0.0
8897,192.32,0.0
8898,192.28,0.0
8899,192.35,0.0
8900,192.51,0.0
8901,192.46,0.0
8902,192.49,0.0
8903,192.5,0.0
8904,192.35,0.0
8905,192.44,0.0
8906,192.34,0.0
8907,192.36,0.0
8908,192.36,0.0
8909,192.5,0.0
8910,192.59,0.0
8911,192.73,0.0
8912,192.73,0.0
8913,192.55,0.0
8914,192.52,0.0
8915,192.56,0.0
8916,192.49,0.0
8917,192.47,0.0
8918,192.37,0.0
8919,192.54,0.0
8920,192.66,0.0
8921,192.59,0.0
8922,192.62,0.0
8923,192.65,0.0
8924,192.7,0.0
8925,192.69,0.0
8926,192.63,0.0
8927,192.72,0.0
8928,192.77,0.0
8929,192.83,0.0
8930,192.71,0.0
8931,192.82,0.0
8932,192.97,0.0
8933,193.08,0.0
8934,193.07,0.0
8935,192.99,0.0
8936,192.96,0.0
8937,192.95,0.0
8938,192.91,0.0
8939,193.08,0.0
8940,193.11,0.0
8941,193.1,0.0
8942,193.06,0.0
8943,192.72,0.0
8944,192.77,0.0
8945,192.8,0.0
8946,192.72,0.0
8947,192.81,0.0
8948,192.6,0.0
8949,192.76,0.0
8950,193.03,0.0
8951,193.23,0.0
8952,193.09,0.0
8953,193.08,0.0
8954,193.18,0.0
8955,193.13,0.0
8956,193.21,0.0
8957,193.17,0.0
8958,193.21,0.0
8959,193.14,0.0
8960,193.09,0.0
8961,193.31,0.0
8962,193.07,0.0
8963,193.18,0.0
8964,193.25,0.0
8965,193.08,0.0
8966,193.23,0.0
8967,193.32,0.0
8968,193.34,0.0
8969,193.37,0.0
8970,193.4,0.0
8971,193.36,0.0
8972,193.31,0.0
8973,193.49,0.0
8974,193.46,0.0
8975,193.42,0.0
8976,193.27,0.0
8977,193.27,0.0
8978,193.42,0.0
8979,193.28,0.0
8980,193.13,0.0
8981,193.34,0.0
8982,193.32,0.0
8983,193.34,0.0
8984,193.34,0.0
8985,193.46,0.0
8986,193.61,0.0
8987,193.71,0.0
8988,193.78,0.0
8989,193.69,0.0
8990,193.5,0.0
8991,193.45,0.0
8992,193.36,0.0
8993,193.33,0.0
8994,193.4,0.0
8995,193.32,0.0
8996,193.19,0.0
8997,193.34,0.0
8998,193.18,0.0
8999,193.11,0.0
9000,193.12,0.0
9001,193.35,0.0
9002,193.45,0.0
9003,193.41,0.0
9004,193.37,0.0
9005,193.45,0.0
9006,193.24,0.0
9007,193.46,0.0
9008,193.56,0.0
9009,193.72,0.0
9010,193.67,0.0
9011,193.82,0.0
9012,193.85,0.0
9013,193.78,0.0
9014,193.79,0.0
9015,193.62,0.0
9016,193.76,0.0
9017,193.78,0.0
9018,193.8,0.0
9019,193.82,0.0
9020,193.84,0.0
9021,193.89,0.0
9022,193.8,0.0
9023,193.63,0.0
9024,193.66,0.0
9025,194.03,0.0
9026,194.04,0.0
9027,194.11,0.0
9028,194.11,0.0
9029,194.22,0.0
9030,194.19,0.0
9031,194.04,0.0
9032,194.0,0.0
9033,194.07,0.0
9034,193.94,0.0
9035,193.86,0.0
9036,194.11,0.0
9037,194.27,0.0
9038,194.25,0.0
9039,194.28,0.0
9040,194.24,0.0
9041,194.18,0.0
9042,194.17,0.0
9043,194.2,0.0
9044,194.26,0.0
9045,194.3,0.0
9046,194.26,0.0
9047,194.12,0.0
9048,193.9,0.0
9049,194.04,0.0
9050,193.95,0.0
9051,194.0,0.0
9052,193.93,0.0
9053,193.93,0.0
9054,193.93,0.0
9055,193.71,0.0
9056,193.79,0.0
9057,193.73,0.0
9058,193.51,0.0
9059,193.56,0.0
9060,193.42,0.0
9061,193.42,0.0
9062,193.75,0.0
9063,193.55,0.0
9064,193.58,0.0
9065,193.82,0.0
9066,193.95,0.0
9067,194.01,0.0
9068,193.98,0.0
9069,194.12,0.0
9070,194.23,0.0
9071,194.39,0.0
9072,194.51,0.0
9073,194.41,0.0
9074,194.63,0.0
9075,194.43,0.0
9076,194.44,0.0
9077,194.5,0.0
9078,194.58,0.0
9079,194.54,0.0
9080,194.42,0.0
9081,194.5,0.0
9082,194.58,0.0
9083,194.61,0.0
9084,194.64,0.0
9085,194.7,0.0
9086,194.64,0.0
9087,194.49,0.0
9088,194.45,0.0
9089,194.57,0.0
9090,194.57,0.0
9091,194.67,0.0
9092,194.57,0.0
9093,194.55,0.0
9094,194.49,0.0
9095,194.63,0.0
9096,194.62,0.0
9097,194.69,0.0
9098,194.82,0.0
9099,194.72,0.0
9100,194.61,0.0
9101,194.56,0.0
9102,194.72,0.0
9103,194.81,0.0
9104,194.82,0.0
9105,194.84,0.0
9106,194.86,0.0
9107,194.91,0.0
9108,194.77,0.0
9109,194.76,0.0
9110,194.77,0.0
9111,194.76,0.0
9112,194.73,0.0
9113,194.75,0.0
9114,194.45,0.0
9115,194.48,0.0
9116,194.5,0.0
9117,194.65,0.0
9118,194.8,0.0
9119,194.78,0.0
9120,194.88,0.0
9121,194.92,0.0
9122,194.84,0.0
9123,194.87,0.0
9124,194.99,0.0
9125,194.98,0.0
9126,194.96,0.0
9127,195.29,0.0
9128,195.26,0.0
9129,195.36,0.0
9130,195.35,0.0
9131,195.59,0.0
9132,195.35,0.0
9133,195.16,0.0
9134,195.21,0.0
9135,195.08,0.0
9136,195.32,0.0
9137,195.58,0.0
9138,195.45,0.0
9139,195.53,0.0
9140,195.66,0.0
9141,195.65,0.0
9142,195.47,0.0
9143,195.57,0.0
9144,195.38,0.0
9145,195.59,0.0
9146,195.38,0.0
9147,195.5,0.0
9148,195.47,0.0
9149,195.56,0.0
9150,195.61,0.0
9151,195.53,0.0
9152,195.46,0.0
9153,195.5,0.0
9154,195.57,0.0
9155,195.72,0.0
9156,195.93,0.0
9157,196.1,0.0
9158,195.95,0.0
9159,196.07,0.0
9160,196.0,0.0
9161,195.95,0.0
9162,195.73,0.0
9163,195.65,0.0
9164,195.58,0.0
9165,195.52,0.0
9166,195.38,0.0
9167,195.58,0.0
9168,195.52,0.0
9169,195.68,0.0
9170,195.67,0.0
9171,195.78,0.0
9172,195.65,0.0
9173,195.77,0.0
9174,195.76,0.0
9175,195.58,0.0
9176,195.73,0.0
9177,195.4,0.0
9178,195.5,0.0
9179,195.71,0.0
9180,195.67,0.0
9181,195.53,0.0
9182,195.48,0.0
9183,195.48,0.0
9184,195.45,0.0
9185,195.32,0.0
9186,195.34,0.0
9187,195.35,0.0
9188,195.38,0.0
9189,195.4,0.0
9190,195.33,0.0
9191,195.36,0.0
9192,195.2,0.0
9193,195.28,0.0
9194,195.44,0.0
9195,195.38,0.0
9196,195.34,0.0
9197,195.23,0.0
9198,195.45,0.0
9199,195.24,0.0
9200,195.12,0.0
9201,195.06,0.0
9202,195.06,0.0
9203,195.33,0.0
9204,195.51,0.0
9205,195.44,0.0
9206,195.27,0.0
9207,195.33,0.0
9208,195.35,0.0
9209,195.49,0.0
9210,195.43,0.0
9211,195.39,0.0
9212,195.33,0.0
9213,195.14,0.0
9214,195.15,0.0
9215,194.95,0.0
9216,195.05,0.0
9217,195.04,0.0
9218,194.89,0.0
9219,194.92,0.0
9220,194.99,0.0
9221,195.01,0.0
9222,195.13,0.0
9223,195.0,0.0
9224,194.88,0.0
9225,194.89,0.0
9226,194.91,0.0
9227,195.21,0.0
9228,195.22,0.0
9229,195.12,0.0
9230,194.97,0.0
9231,194.82,0.0
9232,194.8,0.0
9233,194.83,0.0
9234,194.71,0.0
9235,194.76,0.0
9236,194.98,0.0
9237,195.03,0.0
9238,195.13,0.0
9239,194.99,0.0
9240,194.89,0.0
9241,194.92,0.0
9242,194.82,0.0
9243,194.86,0.0
9244,194.9,0.0
9245,194.73,0.0
9246,194.56,0.0
9247,194.47,0.0
9248,194.56,0.0
9249,194.69,0.0
9250,194.7,0.0
9251,194.55,0.0
9252,194.79,0.0
9253,194.62,0.0
9254,194.53,0.0
9255,194.53,0.0
9256,194.49,0.0
9257,194.58,0.0
9258,194.66,0.0
9259,194.76,0.0
9260,194.73,0.0
9261,194.71,0.0
9262,194.74,0.0
9263,194.85,0.0
9264,194.73,0.0
9265,194.66,0.0
9266,194.68,0.0
9267,194.44,0.0
9268,194.88,0.0
9269,194.71,0.0
9270,194.87,0.0
9271,194.93,0.0
9272,195.05,0.0
9273,195.07,0.0
9274,194.77,0.0
9275,194.74,0.0
9276,194.73,0.0
9277,194.71,0.0
9278,194.61,0.0
9279,194.82,0.0
9280,195.0,0.0
9281,194.94,0.0
9282,195.05,0.0
9283,194.95,0.0
9284,195.23,0.0
9285,195.18,0.0
9286,195.23,0.0
9287,195.35,0.0
9288,195.4,0.0
9289,195.37,0.0
9290,195.36,0.0
9291,195.36,0.0
9292,195.3,0.0
9293,195.21,0.0
9294,195.31,0.0
9295,195.42,0.0
9296,195.22,0.0
9297,195.15,0.0
9298,195.23,0.0
9299,195.21,0.0
9300,195.21,0.0
9301,195.08,0.0
9302,195.09,0.0
9303,195.21,0.0
9304,195.21,0.0
9305,195.24,0.0
9306,195.27,0.0
9307,195.31,0.0
9308,195.34,0.0
9309,195.51,0.0
9310,195.4,0.0
9311,195.37,0.0
9312,195.53,0.0
9313,195.63,0.0
9314,195.58,0.0
9315,195.59,0.0
9316,195.6,0.0
9317,195.94,0.0
9318,195.7,0.0
9319,195.72,0.0
9320,195.88,0.0
9321,195.7,0.0
9322,195.76,0.0
9323,195.7,0.0
9324,195.81,0.0
9325,195.79,0.0
9326,195.92,0.0
9327,195.83,0.0
9328,195.97,0.0
9329,195.93,0.0
9330,195.75,0.0
9331,195.85,0.0
9332,195.92,0.0
9333,195.86,0.0
9334,195.91,0.0
9335,195.86,0.0
9336,196.07,0.0
9337,196.12,0.0
9338,196.05,0.0
9339,196.0,0.0
9340,195.87,0.0
9341,195.86,0.0
9342,195.62,0.0
9343,195.79,0.0
9344,195.91,0.0
9345,195.9,0.0
9346,195.62,0.0
9347,195.66,0.0
9348,195.89,0.0
9349,195.91,0.0
9350,195.93,0.0
9351,196.0,0.0
9352,195.98,0.0
9353,195.98,0.0
9354,196.08,0.0
9355,195.94,0.0
9356,195.95,0.0
9357,195.9,0.0
9358,195.83,0.0
9359,195.91,0.0
9360,195.94,0.0
9361,196.07,0.0
9362,196.22,0.0
9363,196.17,0.0
9364,195.98,0.0
9365,195.99,0.0
9366,195.95,0.0
9367,196.0,0.0
9368,195.75,0.0
9369,195.89,0.0
9370,195.87,0.0
9371,195.89,0.0
9372,195.85,0.0
9373,195.75,0.0
9374,195.91,0.0
9375,195.86,0.0
9376,195.88,0.0
9377,195.77,0.0
9378,195.72,0.0
9379,195.74,0.0
9380,195.84,0.0
9381,196.13,0.0
9382,196.02,0.0
9383,195.97,0.0
9384,195.96,0.0
9385,196.11,0.0
9386,196.2,0.0
9387,196.32,0.0
9388,196.35,0.0
9389,196.14,0.0
9390,196.11,0.0
9391,196.15,0.0
9392,196.14,0.0
9393,196.23,0.0
9394,196.26,0.0
9395,196.16,0.0
9396,196.02,0.0
9397,195.82,0.0
9398,195.88,0.0
9399,195.88,0.0
9400,195.77,0.0
9401,195.89,0.0
9402,195.81,0.0
9403,195.83,0.0
9404,195.81,0.0
9405,195.77,0.0
9406,195.98,0.0
9407,195.92,0.0
9408,196.16,0.0
9409,196.18,0.0
9410,196.05,0.0
9411,196.06,0.0
9412,195.8,0.0
9413,195.95,0.0
9414,196.0,0.0
9415,196.18,0.0
9416,195.97,0.0
9417,196.08,0.0
9418,195.83,0.0
9419,195.9,0.0
9420,196.06,0.0
9421,196.12,0.0
9422,196.06,0.0
9423,196.19,0.0
9424,196.02,0.0
9425,196.06,0.0
9426,196.11,0.0
9427,196.25,0.0
9428,196.15,0.0
9429,196.03,0.0
9430,196.16,0.0
9431,196.33,0.0
9432,196.5,0.0
9433,196.54,0.0
9434,196.62,0.0
9435,196.5,0.0
9436,196.58,0.0
9437,196.55,0.0
9438,196.44,0.0
9439,196.65,0.0
9440,196.59,0.0
9441,196.74,0.0
9442,196.59,0.0
9443,196.75,0.0
9444,196.76,0.0
9445,196.93,0.0
9446,197.03,0.0
9447,196.96,0.0
9448,197.11,0.0
9449,197.11,0.0
9450,197.07,0.0
9451,197.24,0.0
9452,197.09,0.0
9453,197.21,0.0
9454,197.15,0.0
9455,196.85,0.0
9456,196.81,0.0
9457,196.84,0.0
9458,196.88,0.0
9459,196.85,0.0
9460,196.78,0.0
9461,196.97,0.0
9462,196.84,0.0
9463,197.05,0.0
9464,196.96,0.0
9465,196.77,0.0
9466,196.99,0.0
9467,196.89,0.0
9468,196.93,0.0
9469,196.98,0.0
9470,196.9,0.0
9471,196.95,0.0
9472,197.07,0.0
9473,197.01,0.0
9474,196.95,0.0
9475,196.94,0.0
9476,196.98,0.0
9477,196.88,0.0
9478,197.09,0.0
9479,197.12,0.0
9480,197.13,0.0
9481,197.14,0.0
9482,197.19,0.0
9483,197.05,0.0
9484,197.08,0.0
9485,197.11,0.0
9486,196.93,0.0
9487,196.81,0.0
9488,196.79,0.0
9489,196.89,0.0
9490,196.88,0.0
9491,196.92,0.0
9492,197.14,0.0
9493,197.13,0.0
9494,197.2,0.0
9495,197.07,0.0
9496,197.03,0.0
9497,197.07,0.0
9498,197.13,0.0
9499,196.97,0.0
9500,197.08,0.0
9501,197.04,0.0
9502,196.93,0.0
9503,196.8,0.0
9504,196.73,0.0
9505,196.9,0.0
9506,197.02,0.0
9507,197.14,0.0
9508,197.06,0.0
9509,197.07,0.0
9510,196.84,0.0
9511,196.84,0.0
9512,197.04,0.0
9513,197.03,0.0
9514,197.19,0.0
9515,197.28,0.0
9516,197.35,0.0
9517,197.35,0.0
9518,197.23,0.0
9519,197.19,0.0
9520,197.46,0.0
9521,197.54,0.0
9522,197.26,0.0
9523,197.34,0.0
9524,197.49,0.0
9525,197.38,0.0
9526,197.46,0.0
9527,197.67,0.0
9528,197.35,0.0
9529,197.44,0.0
9530,197.59,0.0
9531,197.72,0.0
9532,197.67,0.0
9533,197.97,0.0
9534,197.89,0.0
9535,197.84,0.0
9536,197.95,0.0
9537,197.93,0.0
9538,197.83,0.0
9539,197.82,0.0
9540,197.74,0.0
9541,197.79,0.0
9542,197.88,0.0
9543,198.05,0.0
9544,197.93,0.0
9545,197.89,0.0
9546,198.07,0.0
9547,197.97,0.0
9548,197.81,0.0
9549,197.72,0.0
9550,197.48,0.0
9551,197.53,0.0
9552,197.51,0.0
9553,197.51,0.0
9554,197.55,0.0
9555,197.56,0.0
9556,197.44,0.0
9557,197.57,0.0
9558,197.51,0.0
9559,197.42,0.0
9560,197.31,0.0
9561,197.21,0.0
9562,197.48,0.0
9563,197.37,0.0
9564,197.36,0.0
9565,197.43,0.0
9566,197.55,0.0
9567,197.51,0.0
9568,197.63,0.0
9569,197.74,0.0
9570,197.68,0.0
9571,197.6,0.0
9572,197.38,0.0
9573,197.38,0.0
9574,197.29,0.0
9575,197.22,0.0
9576,197.34,0.0
9577,197.41,0.0
9578,197.37,0.0
9579,197.36,0.0
9580,197.3,0.0
9581,197.3,0.0
9582,197.34,0.0
9583,197.4,0.0
9584,197.3,0.0
9585,197.3,0.0
9586,197.44,0.0
9587,197.27,0.0
9588,197.23,0.0
9589,197.07,0.0
9590,196.97,0.0
9591,197.07,0.0
9592,197.11,0.0
9593,196.99,0.0
9594,196.88,0.0
9595,196.76,0.0
9596,196.62,0.0
9597,196.61,0.0
9598,196.65,0.0
9599,196.68,0.0
9600,196.85,0.0
9601,196.64,0.0
9602,196.65,0.0
9603,196.57,0.0
9604,196.7,0.0
9605,196.64,0.0
9606,196.63,0.0
9607,196.65,0.0
9608,196.71,0.0
9609,196.71,0.0
9610,196.84,0.0
9611,196.87,0.0
9612,196.7,0.0
9613,196.84,0.0
9614,196.86,0.0
9615,196.91,0.0
9616,197.12,0.0
9617,196.98,0.0
9618,196.81,0.0
9619,196.94,0.0
9620,196.82,0.0
9621,197.14,0.0
9622,196.94,0.0
9623,196.96,0.0
9624,196.76,0.0
9625,196.96,0.0
9626,197.22,0.0
9627,197.14,0.0
9628,197.31,0.0
9629,197.31,0.0
9630,197.32,0.0
9631,197.46,0.0
9632,197.37,0.0
9633,197.3,0.0
9634,197.18,0.0
9635,197.2,0.0
9636,197.31,0.0
9637,197.08,0.0
9638,197.26,0.0
9639,196.94,0.0
9640,197.24,0.0
9641,197.37,0.0
9642,197.4,0.0
9643,197.38,0.0
9644,197.34,0.0
9645,197.31,0.0
9646,197.37,0.0
9647,197.4,0.0
9648,197.29,0.0
9649,197.14,0.0
9650,197.29,0.0
9651,197.18,0.0
9652,197.25,0.0
9653,197.54,0.0
9654,197.6,0.0
9655,197.46,0.0
9656,197.33,0.0
9657,197.28,0.0
9658,197.36,0.0
9659,197.16,0.0
9660,197.14,0.0
9661,197.0,0.0
9662,197.21,0.0
9663,197.1,0.0
9664,197.04,0.0
9665,197.16,0.0
9666,197.28,0.0
9667,197.29,0.0
9668,197.26,0.0
9669,197.29,0.0
9670,197.3,0.0
9671,197.28,0.0
9672,197.21,0.0
9673,197.18,0.0
9674,197.16,0.0
9675,197.04,0.0
9676,196.98,0.0
9677,197.07,0.0
9678,196.87,0.0
9679,197.01,0.0
9680,197.07,0.0
9681,197.16,0.0
9682,197.09,0.0
9683,197.08,0.0
9684,197.06,0.0
9685,197.07,0.0
9686,197.32,0.0
9687,197.43,0.0
9688,197.19,0.0
9689,197.39,0.0
9690,197.28,0.0
9691,197.02,0.0
9692,197.04,0.0
9693,196.99,0.0
9694,196.95,0.0
9695,196.84,0.0
9696,196.95,0.0
9697,196.59,0.0
9698,196.57,0.0
9699,196.56,0.0
9700,196.77,0.0
9701,196.77,0.0
9702,196.6,0.0
9703,196.57,0.0
9704,196.51,0.0
9705,196.55,0.0
9706,196.61,0.0
9707,196.47,0.0
9708,196.52,0.0
9709,196.58,0.0
9710,196.34,0.0
9711,196.21,0.0
9712,196.31,0.0
9713,196.46,0.0
9714,196.34,0.0
9715,196.45,0.0
9716,196.43,0.0
9717,196.38,0.0
9718,196.18,0.0
9719,196.29,0.0
9720,196.27,0.0
9721,196.02,0.0
9722,196.27,0.0
9723,196.23,0.0
9724,196.16,0.0
9725,196.29,0.0
9726,196.28,0.0
9727,196.35,0.0
9728,196.64,0.0
9729,196.46,0.0
9730,196.53,0.0
9731,196.67,0.0
9732,196.67,0.0
9733,196.69,0.0
9734,196.75,0.0
9735,196.8,0.0
9736,196.89,0.0
9737,196.55,0.0
9738,196.6,0.0
9739,196.64,0.0
9740,196.77,0.0
9741,196.67,0.0
9742,196.57,0.0
9743,196.68,0.0
9744,196.89,0.0
9745,196.72,0.0
9746,196.77,0.0
9747,196.93,0.0
9748,196.82,0.0
9749,196.94,0.0
9750,197.08,0.0
9751,197.01,0.0
9752,197.06,0.0
9753,197.19,0.0
9754,197.11,0.0
9755,197.22,0.0
9756,197.14,0.0
9757,197.12,0.0
9758,197.07,0.0
9759,197.11,0.0
9760,196.97,0.0
9761,196.78,0.0
9762,196.94,0.0
9763,197.13,0.0
9764,197.0,0.0
9765,197.14,0.0
9766,197.15,0.0
9767,196.97,0.0
9768,197.07,0.0
9769,196.91,0.0
9770,196.97,0.0
9771,196.79,0.0
9772,196.72,0.0
9773,196.68,0.0
9774,196.66,0.0
9775,196.52,0.0
9776,196.62,0.0
9777,196.7,0.0
9778,196.76,0.0
9779,197.16,0.0
9780,197.22,0.0
9781,197.09,0.0
9782,197.04,0.0
9783,196.97,0.0
9784,197.08,0.0
9785,197.01,0.0
9786,197.01,0.0
9787,197.04,0.0
9788,197.11,0.0
9789,197.24,0.0
9790,197.17,0.0
9791,197.31,0.0
9792,197.25,0.0
9793,197.48,0.0
9794,197.39,0.0
9795,197.36,0.0
9796,197.32,0.0
9797,197.37,0.0
9798,197.52,0.0
9799,197.58,0.0
9800,197.57,0.0
9801,197.51,0.0
9802,197.71,0.0
9803,197.7,0.0
9804,197.7,0.0
9805,197.82,0.0
9806,197.88,0.0
9807,197.84,0.0
9808,197.75,0.0
9809,197.64,0.0
9810,197.5,0.0
9811,197.8,0.0
9812,197.72,0.0
9813,197.9,0.0
9814,197.71,0.0
9815,198.07,0.0
9816,197.98,0.0
9817,197.98,0.0
9818,197.8,0.0
9819,197.93,0.0
9820,197.78,0.0
9821,197.63,0.0
9822,198.0,0.0
9823,197.86,0.0
9824,197.92,0.0
9825,197.91,0.0
9826,197.84,0.0
9827,197.91,0.0
9828,197.76,0.0
9829,198.0,0.0
9830,198.06,0.0
9831,197.81,0.0
9832,197.78,0.0
9833,198.02,0.0
9834,198.04,0.0
9835,197.98,0.0
9836,197.91,0.0
9837,197.75,0.0
9838,197.62,0.0
9839,197.52,0.0
9840,197.73,0.0
9841,197.78,0.0
9842,197.79,0.0
9843,197.75,0.0
9844,197.74,0.0
9845,197.98,0.0
9846,197.81,0.0
9847,197.84,0.0
9848,197.88,0.0
9849,197.9,0.0
9850,197.85,0.0
9851,197.88,0.0
9852,197.94,0.0
9853,197.88,0.0
9854,197.97,0.0
9855,197.96,0.0
9856,197.93,0.0
9857,197.83,0.0
9858,198.13,0.0
9859,198.05,0.0
9860,198.13,0.0
9861,198.08,0.0
9862,198.06,0.0
9863,197.85,0.0
9864,197.94,0.0
9865,197.91,0.0
9866,198.12,0.0
9867,198.31,0.0
9868,198.41,0.0
9869,198.31,0.0
9870,198.38,0.0
9871,198.45,0.0
9872,198.74,0.0
9873,198.59,0.0
9874,198.49,0.0
9875,198.41,0.0
9876,198.34,0.0
9877,198.48,0.0
9878,198.68,0.0
9879,198.46,0.0
9880,198.43,0.0
9881,198.37,0.0
9882,198.42,0.0
9883,198.23,0.0
9884,198.08,0.0
9885,198.1,0.0
9886,198.31,0.0
9887,198.39,0.0
9888,198.23,0.0
9889,198.33,0.0
9890,198.27,0.0
9891,198.32,0.0
9892,198.48,0.0
9893,198.28,0.0
9894,198.28,0.0
9895,198.18,0.0
9896,198.27,0.0
9897,198.06,0.0
9898,198.11,0.0
9899,198.29,0.0
9900,198.42,0.0
9901,198.39,0.0
9902,198.36,0.0
9903,198.6,0.0
9904,198.53,0.0
9905,198.62,0.0
9906,198.75,0.0
9907,198.59,0.0
9908,198.7,0.0
9909,198.88,0.0
9910,198.76,0.0
9911,198.83,0.0
9912,198.74,0.0
9913,198.92,0.0
9914,198.97,0.0
9915,198.99,0.0
9916,198.9,0.0
9917,199.05,0.0
9918,199.01,0.0
9919,198.83,0.0
9920,198.94,0.0
9921,198.96,0.0
9922,198.84,0.0
9923,198.86,0.0
9924,198.76,0.0
9925,198.71,0.0
9926,198.61,0.0
9927,198.6,0.0
9928,198.56,0.0
9929,198.41,0.0
9930,198.46,0.0
9931,198.44,0.0
9932,198.66,0.0
9933,198.68,0.0
9934,198.57,0.0
9935,198.8,0.0
9936,198.86,0.0
9937,199.07,0.0
9938,199.16,0.0
9939,199.17,0.0
9940,199.22,0.0
9941,199.02,0.0
9942,198.97,0.0
9943,199.3,0.0
9944,199.36,0.0
9945,199.24,0.0
9946,199.05,0.0
9947,199.18,0.0
9948,199.15,0.0
9949,199.24,0.0
9950,199.18,0.0
9951,199.44,0.0
9952,199.43,0.0
9953,199.41,0.0
9954,199.55,0.0
9955,199.5,0.0
9956,199.58,0.0
9957,199.44,0.0
9958,199.6,0.0
9959,199.64,0.0
9960,199.52,0.0
9961,199.75,0.0
9962,199.57,0.0
9963,199.5,0.0
9964,199.81,0.0
9965,199.69,0.0
9966,199.74,0.0
9967,199.81,0.0
9968,199.47,0.0
9969,199.71,0.0
9970,199.91,0.0
9971,199.9,0.0
9972,199.79,0.0
9973,200.02,0.0
9974,200.16,0.0
9975,200.19,0.0
9976,200.22,0.0
9977,200.19,0.0
9978,200.29,0.0
9979,199.94,0.0
9980,199.76,0.0
9981,199.76,0.0
9982,199.8,0.0
9983,200.05,0.0
9984,200.12,0.0
9985,200.09,0.0
9986,200.11,0.0
9987,200.09,0.0
9988,199.98,0.0
9989,200.43,0.0
9990,200.26,0.0
9991,200.16,0.0
9992,200.33,0.0
9993,200.13,0.0
9994,200.16,0.0
9995,199.85,0.0
9996,200.32,0.0
9997,200.45,0.0
9998,200.7,0.0
9999,201.06,0.0
10000,203.0,0.0
